,0,1,2,3,4,5,6,7,8,9,10,11,12,13,14,15,16,17,18
0,기간,자치구,동,보육시설 정원,보육시설 정원,보육시설 정원,보육시설 정원,보육시설 정원,보육시설 정원,보육시설 정원,보육시설 정원,보육시설 현원,보육시설 현원,보육시설 현원,보육시설 현원,보육시설 현원,보육시설 현원,보육시설 현원,보육시설 현원
1,기간,자치구,동,계,국공립,사회복지법인,법인·단체 등,민간,가정,부모협동,직장,계,국공립,사회복지법인,법인·단체 등,민간,가정,부모협동,직장
2,2020,합계,합계,"245,863","101,037","1,861","5,427","82,308","33,972",973,"20,285","196,260","85,925","1,393","4,242","62,749","27,106",760,"14,085"
3,2020,종로구,소계,"4,700","2,216",100,49,344,50,,"1,941","3,263","1,615",55,33,254,39,,"1,267"
4,2020,종로구,사직동,727,101,,,58,,,568,570,80,,,50,,,440
5,2020,종로구,삼청동,55,32,23,,,,,,39,23,16,,,,,
6,2020,종로구,부암동,154,131,,,,,,23,125,113,,,,,,12
7,2020,종로구,평창동,175,123,,,33,19,,,160,115,,,28,17,,
8,2020,종로구,무악동,240,240,,,,,,,199,199,,,,,,
9,2020,종로구,교남동,284,245,,,39,,,,243,205,,,38,,,
10,2020,종로구,가회동,227,49,,,80,,,98,158,39,,,61,,,58
11,2020,종로구,종로1.2.3.4가동,666,97,,49,,,,520,415,70,,33,,,,312
12,2020,종로구,종로5·6가동,247,,,,104,,,143,140,,,,55,,,85
13,2020,종로구,이화동,235,132,,,,,,103,114,56,,,,,,58
14,2020,종로구,창신1동,180,83,77,,,20,,,98,43,39,,,16,,
15,2020,종로구,창신2동,232,232,,,,,,,130,130,,,,,,
16,2020,종로구,창신3동,116,116,,,,,,,74,74,,,,,,
17,2020,종로구,숭인1동,117,117,,,,,,,100,100,,,,,,
18,2020,종로구,숭인2동,125,114,,,,11,,,93,87,,,,6,,
19,2020,종로구,청운효자동,656,170,,,,,,486,429,127,,,,,,302
20,2020,종로구,혜화동,264,234,,,30,,,,176,154,,,22,,,
21,2020,중구,소계,"4,305","1,952",,338,237,220,,"1,558","3,240","1,551",,270,186,185,,"1,048"
22,2020,중구,소공동,400,,,,,,,400,317,,,,,,,317
23,2020,중구,회현동,348,93,,,,,,255,220,83,,,,,,137
24,2020,중구,명동,713,,,,,,,713,468,,,,,,,468
25,2020,중구,필동,79,79,,,,,,,69,69,,,,,,
26,2020,중구,장충동,97,48,,49,,,,,88,42,,46,,,,
27,2020,중구,광희동,219,99,,,,,,120,142,58,,,,,,84
28,2020,중구,을지로동,119,,,49,,,,70,74,,,32,,,,42
29,2020,중구,신당5동,326,203,,34,74,15,,,249,156,,18,67,8,,
30,2020,중구,황학동,289,249,,,,40,,,258,218,,,,40,,
31,2020,중구,중림동,357,225,,74,,58,,,314,203,,58,,53,,
32,2020,중구,신당동,124,124,,,,,,,118,118,,,,,,
33,2020,중구,다산동,309,195,,49,52,13,,,183,101,,44,29,9,,
34,2020,중구,약수동,495,261,,83,111,40,,,406,209,,72,90,35,,
35,2020,중구,청구동,180,141,,,,39,,,142,107,,,,35,,
36,2020,중구,동화동,250,235,,,,15,,,192,187,,,,5,,
37,2020,용산구,소계,"5,169","2,017",89,315,"1,085",812,33,818,"4,322","1,770",78,251,888,670,31,634
38,2020,용산구,후암동,480,153,52,49,167,59,,,403,143,47,42,127,44,,
39,2020,용산구,용산2가동,141,141,,,,,,,115,115,,,,,,
40,2020,용산구,남영동,131,45,37,,,,,49,113,43,31,,,,,39
41,2020,용산구,원효로2동,311,191,,40,,80,,,246,163,,16,,67,,
42,2020,용산구,효창동,391,124,,20,214,33,,,327,116,,19,172,20,,
43,2020,용산구,용문동,365,90,,40,156,79,,,293,83,,33,124,53,,
44,2020,용산구,이촌1동,367,22,,,108,237,,,345,22,,,99,224,,
45,2020,용산구,이촌2동,195,155,,,,40,,,164,135,,,,29,,
46,2020,용산구,이태원1동,230,,,52,65,40,,73,212,,,47,60,35,,70
47,2020,용산구,이태원2동,129,129,,,,,,,108,108,,,,,,
48,2020,용산구,서빙고동,296,166,,,22,69,,39,217,138,,,4,59,,16
49,2020,용산구,보광동,275,193,,,42,40,,,207,145,,,32,30,,
50,2020,용산구,청파동,560,168,,84,191,37,,80,447,147,,72,155,15,,58
51,2020,용산구,원효로1동,325,133,,30,71,58,33,,301,127,,22,66,55,31,
52,2020,용산구,한강로동,609,162,,,,20,,427,511,146,,,,20,,345
53,2020,용산구,한남동,364,145,,,49,20,,150,313,139,,,49,19,,106
54,2020,성동구,소계,"7,966","4,840",,202,"1,457","1,084",,383,"6,308","3,987",,128,"1,074",890,,229
55,2020,성동구,왕십리2동,441,336,,,48,57,,,383,312,,,33,38,,
56,2020,성동구,마장동,633,423,,,98,112,,,508,365,,,52,91,,
57,2020,성동구,사근동,189,108,,,,,,81,160,92,,,,,,68
58,2020,성동구,행당1동,448,340,,,,59,,49,363,280,,,,48,,35
59,2020,성동구,행당2동,523,215,,,99,209,,,439,188,,,73,178,,
60,2020,성동구,응봉동,252,114,,79,,59,,,151,78,,23,,50,,
61,2020,성동구,금호1가동,625,369,,79,80,97,,,527,323,,79,50,75,,
62,2020,성동구,금호4가동,405,164,,,122,119,,,314,136,,,95,83,,
63,2020,성동구,성수1가1동,350,237,,44,69,,,,275,201,,26,48,,,
64,2020,성동구,성수1가2동,347,133,,,126,39,,49,252,110,,,82,35,,25
65,2020,성동구,성수2가1동,239,88,,,123,,,28,212,69,,,118,,,25
66,2020,성동구,성수2가3동,324,146,,,79,20,,79,239,119,,,79,12,,29
67,2020,성동구,송정동,286,183,,,84,19,,,189,127,,,53,9,,
68,2020,성동구,용답동,548,263,,,236,,,49,417,206,,,191,,,20
69,2020,성동구,왕십리도선동,925,626,,,133,118,,48,716,512,,,73,104,,27
70,2020,성동구,금호2.3가동,673,455,,,160,58,,,527,345,,,127,55,,
71,2020,성동구,옥수동,758,640,,,,118,,,636,524,,,,112,,
72,2020,광진구,소계,"7,807","2,875",,,"3,730",972,49,181,"6,148","2,497",,,"2,782",742,31,96
73,2020,광진구,화양동,287,120,,,147,20,,,201,91,,,93,17,,
74,2020,광진구,군자동,505,241,,,195,38,,31,374,205,,,132,28,,9
75,2020,광진구,중곡1동,163,147,,,,16,,,143,127,,,,16,,
76,2020,광진구,중곡2동,521,208,,,274,39,,,433,188,,,214,31,,
77,2020,광진구,중곡3동,904,236,,,668,,,,628,189,,,439,,,
78,2020,광진구,중곡4동,783,171,,,483,129,,,571,157,,,354,60,,
79,2020,광진구,능동,215,175,,,,40,,,179,147,,,,32,,
80,2020,광진구,구의1동,417,135,,,282,,,,325,102,,,223,,,
81,2020,광진구,구의2동,657,152,,,350,57,49,49,508,139,,,269,54,31,15
82,2020,광진구,구의3동,574,277,,,122,175,,,487,238,,,89,160,,
83,2020,광진구,광장동,510,242,,,83,136,,49,449,231,,,76,106,,36
84,2020,광진구,자양1동,658,161,,,387,58,,52,507,136,,,308,27,,36
85,2020,광진구,자양2동,558,196,,,249,113,,,424,174,,,177,73,,
86,2020,광진구,자양3동,672,239,,,337,96,,,618,225,,,303,90,,
87,2020,광진구,자양4동,383,175,,,153,55,,,301,148,,,105,48,,
88,2020,동대문구,소계,"8,444","3,709",,204,"2,868","1,267",,396,"6,860","3,178",,148,"2,225","1,064",,245
89,2020,동대문구,회기동,223,74,,,,39,,110,168,67,,,,27,,74
90,2020,동대문구,휘경1동,309,79,,,191,39,,,230,68,,,136,26,,
91,2020,동대문구,휘경2동,627,177,,99,174,134,,43,498,158,,76,146,104,,14
92,2020,동대문구,청량리동,367,142,,,128,58,,39,234,81,,,87,36,,30
93,2020,동대문구,용신동,696,241,,,307,39,,109,501,185,,,215,27,,74
94,2020,동대문구,제기동,579,332,,,171,76,,,413,276,,,82,55,,
95,2020,동대문구,전농1동,724,371,,49,247,57,,,618,339,,26,199,54,,
96,2020,동대문구,전농2동,490,220,,,127,78,,65,390,199,,,83,70,,38
97,2020,동대문구,답십리2동,842,227,,56,459,100,,,709,197,,46,371,95,,
98,2020,동대문구,장안1동,"1,166",692,,,237,237,,,"1,081",648,,,211,222,,
99,2020,동대문구,장안2동,779,391,,,210,178,,,676,340,,,187,149,,
100,2020,동대문구,이문1동,341,101,,,170,40,,30,234,98,,,88,33,,15
101,2020,동대문구,이문2동,569,235,,,234,100,,,489,198,,,214,77,,
102,2020,동대문구,답십리1동,732,427,,,213,92,,,619,324,,,206,89,,
103,2020,중랑구,소계,"10,652","3,865",,276,"4,933","1,320",26,232,"8,448","3,268",,229,"3,692","1,052",24,183
104,2020,중랑구,면목2동,745,141,,,548,56,,,529,123,,,357,49,,
105,2020,중랑구,면목4동,502,195,,,268,39,,,356,166,,,157,33,,
106,2020,중랑구,면목5동,290,162,,,128,,,,243,156,,,87,,,
107,2020,중랑구,면목7동,608,195,,,363,50,,,500,168,,,295,37,,
108,2020,중랑구,상봉1동,517,273,,,129,115,,,437,234,,,119,84,,
109,2020,중랑구,상봉2동,479,101,,151,167,,,60,356,67,,123,138,,,28
110,2020,중랑구,중화1동,520,179,,,191,150,,,427,131,,,159,137,,
111,2020,중랑구,중화2동,472,252,,,183,37,,,379,208,,,151,20,,
112,2020,중랑구,묵1동,963,331,,39,399,194,,,719,282,,25,260,152,,
113,2020,중랑구,묵2동,469,131,,,279,59,,,361,114,,,190,57,,
114,2020,중랑구,망우3동,537,94,,,443,,,,386,85,,,301,,,
115,2020,중랑구,신내1동,"1,532",681,,20,433,299,26,73,"1,273",572,,17,358,242,24,60
116,2020,중랑구,신내2동,610,95,,66,153,197,,99,518,90,,64,126,143,,95
117,2020,중랑구,면목본동,788,221,,,533,34,,,680,193,,,461,26,,
118,2020,중랑구,면목3.8동,770,502,,,217,51,,,662,415,,,210,37,,
119,2020,중랑구,망우본동,850,312,,,499,39,,,622,264,,,323,35,,
120,2020,성북구,소계,"10,091","4,565",109,897,"2,705","1,502",49,264,"7,947","3,715",92,770,"2,006","1,144",40,180
121,2020,성북구,돈암1동,241,,,67,115,59,,,178,,,53,86,39,,
122,2020,성북구,돈암2동,497,384,,,,113,,,447,342,,,,105,,
123,2020,성북구,안암동,389,234,,,,10,,145,259,160,,,,2,,97
124,2020,성북구,보문동,354,111,,79,164,,,,280,85,,61,134,,,
125,2020,성북구,정릉1동,502,187,,,296,19,,,433,164,,,250,19,,
126,2020,성북구,정릉2동,295,40,,,127,98,30,,220,37,,,102,59,22,
127,2020,성북구,정릉3동,446,253,,193,,,,,345,180,,165,,,,
128,2020,성북구,정릉4동,717,356,,185,106,70,,,627,322,,156,86,63,,
129,2020,성북구,길음1동,984,326,,,292,347,19,,759,269,,,234,238,18,
130,2020,성북구,길음2동,373,250,,,64,59,,,329,216,,,60,53,,
131,2020,성북구,월곡1동,715,278,79,99,86,173,,,588,256,75,89,62,106,,
132,2020,성북구,월곡2동,554,290,,44,71,79,,70,429,227,,42,53,63,,44
133,2020,성북구,장위1동,402,231,,,131,40,,,247,127,,,80,40,,
134,2020,성북구,장위2동,398,42,,74,262,20,,,302,39,,69,176,18,,
135,2020,성북구,장위3동,528,230,,20,182,96,,,456,215,,16,139,86,,
136,2020,성북구,성북동,231,161,30,,27,13,,,189,149,17,,10,13,,
137,2020,성북구,삼선동,412,248,,,75,40,,49,292,181,,,37,35,,39
138,2020,성북구,동선동,293,157,,90,46,,,,236,124,,74,38,,,
139,2020,성북구,종암동,"1,099",429,,46,506,118,,,776,327,,45,329,75,,
140,2020,성북구,석관동,661,358,,,155,148,,,555,295,,,130,130,,
141,2020,강북구,소계,"7,748","2,847",74,119,"4,122",442,43,101,"6,079","2,383",51,75,"3,175",316,23,56
142,2020,강북구,번1동,369,173,,,111,36,,49,275,165,,,73,18,,19
143,2020,강북구,번2동,464,176,,,254,34,,,380,148,,,205,27,,
144,2020,강북구,번3동,446,81,74,,213,78,,,340,77,51,,152,60,,
145,2020,강북구,수유1동,798,109,,,677,12,,,590,85,,,498,7,,
146,2020,강북구,수유2동,661,127,,,495,39,,,530,106,,,403,21,,
147,2020,강북구,수유3동,482,49,,49,332,,,52,368,25,,36,270,,,37
148,2020,강북구,삼양동,742,419,,70,175,78,,,533,323,,39,111,60,,
149,2020,강북구,미아동,399,198,,,183,18,,,283,158,,,111,14,,
150,2020,강북구,송중동,724,405,,,304,15,,,600,342,,,250,8,,
151,2020,강북구,송천동,482,152,,,297,33,,,366,135,,,201,30,,
152,2020,강북구,삼각산동,"1,091",454,,,538,99,,,879,362,,,446,71,,
153,2020,강북구,우이동,696,175,,,494,,27,,597,167,,,407,,23,
154,2020,강북구,인수동,394,329,,,49,,16,,338,290,,,48,,,
155,2020,도봉구,소계,"8,811","2,883",33,67,"4,138","1,397",29,264,"6,701","2,505",26,48,"2,949",979,29,165
156,2020,도봉구,쌍문1동,632,79,,,498,55,,,377,79,,,265,33,,
157,2020,도봉구,쌍문2동,529,216,,,236,77,,,489,194,,,228,67,,
158,2020,도봉구,쌍문3동,591,99,,,443,49,,,459,85,,,341,33,,
159,2020,도봉구,쌍문4동,274,97,,,47,130,,,210,78,,,39,93,,
160,2020,도봉구,방학1동,665,343,,40,135,53,,94,517,308,,24,60,36,,89
161,2020,도봉구,방학2동,842,135,,,687,20,,,635,98,,,522,15,,
162,2020,도봉구,방학3동,596,272,,,67,228,29,,473,240,,,66,138,29,
163,2020,도봉구,창1동,557,213,,,206,138,,,428,180,,,132,116,,
164,2020,도봉구,창2동,971,213,,,647,111,,,700,194,,,430,76,,
165,2020,도봉구,창3동,520,196,33,27,244,20,,,355,162,26,24,128,15,,
166,2020,도봉구,창4동,703,299,,,131,173,,100,510,268,,,87,128,,27
167,2020,도봉구,창5동,617,170,,,326,121,,,520,160,,,284,76,,
168,2020,도봉구,도봉1동,469,149,,,301,19,,,383,120,,,255,8,,
169,2020,도봉구,도봉2동,845,402,,,170,203,,70,645,339,,,112,145,,49
170,2020,노원구,소계,"11,717","4,900",208,,"2,766","3,453",30,360,"9,433","4,119",163,,"2,170","2,729",15,237
171,2020,노원구,월계1동,590,268,,,186,136,,,491,233,,,156,102,,
172,2020,노원구,월계2동,542,382,,,,160,,,456,326,,,,130,,
173,2020,노원구,월계3동,683,231,,,,452,,,560,206,,,,354,,
174,2020,노원구,공릉2동,"1,336",538,,,332,261,,205,"1,035",476,,,230,208,,121
175,2020,노원구,하계1동,590,465,,,39,86,,,412,295,,,37,80,,
176,2020,노원구,하계2동,335,139,,,59,137,,,288,131,,,44,113,,
177,2020,노원구,중계본동,347,251,,,28,68,,,253,193,,,12,48,,
178,2020,노원구,중계1동,436,202,,,201,33,,,395,187,,,177,31,,
179,2020,노원구,중계4동,215,71,20,,,124,,,176,58,19,,,99,,
180,2020,노원구,상계1동,"1,095",464,128,,330,143,30,,869,392,88,,240,134,15,
181,2020,노원구,상계2동,726,164,,,486,19,,57,650,157,,,435,18,,40
182,2020,노원구,상계5동,353,95,,,191,67,,,282,89,,,150,43,,
183,2020,노원구,상계8동,781,263,,,38,431,,49,601,250,,,28,294,,29
184,2020,노원구,상계9동,393,137,,,,256,,,314,124,,,,190,,
185,2020,노원구,상계10동,395,190,,,,205,,,253,94,,,,159,,
186,2020,노원구,상계3.4동,820,399,20,,342,59,,,634,341,20,,217,56,,
187,2020,노원구,상계6.7동,694,130,,,163,352,,49,603,123,,,143,290,,47
188,2020,노원구,중계2.3동,620,281,40,,,299,,,537,247,36,,,254,,
189,2020,노원구,공릉1동,766,230,,,371,165,,,624,197,,,301,126,,
190,2020,은평구,소계,"12,901","4,104",,356,"7,268",979,20,174,"10,082","3,534",,281,"5,426",707,16,118
191,2020,은평구,녹번동,"1,302",467,,80,605,76,,74,"1,153",419,,71,539,54,,70
192,2020,은평구,불광1동,"1,004",273,,,559,132,,40,718,240,,,359,96,,23
193,2020,은평구,갈현1동,576,125,,52,382,17,,,392,98,,37,240,17,,
194,2020,은평구,갈현2동,761,259,,,444,38,20,,548,197,,,303,32,16,
195,2020,은평구,구산동,801,287,,20,474,20,,,616,264,,18,314,20,,
196,2020,은평구,대조동,700,99,,40,508,53,,,563,83,,19,432,29,,
197,2020,은평구,응암1동,"1,065",345,,,700,20,,,920,298,,,622,,,
198,2020,은평구,응암2동,964,578,,,270,116,,,870,506,,,255,109,,
199,2020,은평구,신사1동,796,91,,,648,57,,,533,82,,,420,31,,
200,2020,은평구,신사2동,559,111,,,448,,,,445,100,,,345,,,
201,2020,은평구,증산동,358,99,,,106,153,,,288,88,,,89,111,,
202,2020,은평구,수색동,141,88,,,,53,,,97,69,,,,28,,
203,2020,은평구,진관동,"1,645",562,,,943,80,,60,"1,143",456,,,594,68,,25
204,2020,은평구,불광2동,473,190,,,245,38,,,348,159,,,163,26,,
205,2020,은평구,응암3동,567,111,,48,408,,,,445,105,,33,307,,,
206,2020,은평구,역촌동,"1,189",419,,116,528,126,,,"1,003",370,,103,444,86,,
207,2020,서대문구,소계,"6,809","3,221",,82,"2,299",654,29,524,"5,754","2,864",,73,"1,827",594,20,376
208,2020,서대문구,천연동,504,116,,,356,32,,,398,94,,,279,25,,
209,2020,서대문구,홍제1동,564,286,,,186,92,,,478,231,,,177,70,,
210,2020,서대문구,홍제3동,445,268,,,139,38,,,386,237,,,112,37,,
211,2020,서대문구,홍제2동,308,195,,,75,38,,,229,171,,,22,36,,
212,2020,서대문구,홍은1동,320,142,,,91,58,29,,242,132,,,35,55,20,
213,2020,서대문구,홍은2동,250,102,,,134,14,,,205,99,,,92,14,,
214,2020,서대문구,남가좌1동,470,341,,,32,97,,,455,330,,,32,93,,
215,2020,서대문구,남가좌2동,754,399,,,247,108,,,660,337,,,222,101,,
216,2020,서대문구,북가좌1동,421,330,,,,91,,,403,316,,,,87,,
217,2020,서대문구,북가좌2동,496,168,,,279,49,,,435,154,,,238,43,,
218,2020,서대문구,충현동,461,65,,30,257,19,,90,422,60,,23,241,18,,80
219,2020,서대문구,북아현동,644,433,,,211,,,,556,397,,,159,,,
220,2020,서대문구,신촌동,495,88,,52,,,,355,353,65,,50,,,,238
221,2020,서대문구,연희동,677,288,,,292,18,,79,532,241,,,218,15,,58
222,2020,마포구,소계,"9,093","4,700",,167,"1,899","1,193",153,981,"7,459","3,928",,127,"1,625",972,139,668
223,2020,마포구,용강동,439,247,,49,44,99,,,405,229,,35,44,97,,
224,2020,마포구,대흥동,274,274,,,,,,,205,205,,,,,,
225,2020,마포구,염리동,294,182,,,92,20,,,199,153,,,39,7,,
226,2020,마포구,신수동,548,389,,,81,78,,,473,358,,,64,51,,
227,2020,마포구,서교동,404,367,,,,37,,,312,282,,,,30,,
228,2020,마포구,합정동,407,214,,,,70,38,85,307,185,,,,43,32,47
229,2020,마포구,망원1동,533,212,,,223,98,,,427,159,,,196,72,,
230,2020,마포구,망원2동,457,126,,,213,118,,,419,117,,,200,102,,
231,2020,마포구,연남동,210,75,,,96,39,,,164,56,,,69,39,,
232,2020,마포구,성산1동,213,49,,,49,39,76,,192,49,,,43,25,75,
233,2020,마포구,성산2동,"1,074",360,,40,311,216,39,108,909,313,,34,254,187,32,89
234,2020,마포구,상암동,"1,379",615,,29,138,38,,559,"1,104",548,,27,110,36,,383
235,2020,마포구,도화동,461,252,,,,134,,75,395,225,,,,115,,55
236,2020,마포구,서강동,703,414,,49,240,,,,618,352,,31,235,,,
237,2020,마포구,공덕동,747,406,,,196,110,,35,581,309,,,177,77,,18
238,2020,마포구,아현동,950,518,,,216,97,,119,749,388,,,194,91,,76
239,2020,양천구,소계,"11,440","4,708",,43,"3,919","2,370",16,384,"8,966","4,019",,37,"2,879","1,737",9,285
240,2020,양천구,목1동,348,149,,,49,113,,37,308,133,,,42,105,,28
241,2020,양천구,목2동,742,275,,,321,146,,,605,222,,,263,120,,
242,2020,양천구,목3동,566,237,,43,188,98,,,464,201,,37,152,74,,
243,2020,양천구,목4동,465,196,,,197,72,,,372,156,,,165,51,,
244,2020,양천구,신월1동,794,203,,,467,124,,,566,171,,,318,77,,
245,2020,양천구,신월2동,801,226,,,309,266,,,653,202,,,253,198,,
246,2020,양천구,신월3동,556,231,,,183,85,,57,355,183,,,70,45,,57
247,2020,양천구,신월4동,653,213,,,236,204,,,506,209,,,162,135,,
248,2020,양천구,신월5동,508,224,,,159,93,16,16,354,178,,,116,39,9,12
249,2020,양천구,신월6동,509,256,,,202,51,,,459,239,,,180,40,,
250,2020,양천구,신월7동,612,170,,,378,64,,,472,137,,,280,55,,
251,2020,양천구,신정1동,358,175,,,31,92,,60,304,169,,,26,85,,24
252,2020,양천구,신정2동,364,164,,,72,128,,,322,159,,,65,98,,
253,2020,양천구,신정3동,"1,248",738,,,217,293,,,890,595,,,122,173,,
254,2020,양천구,신정6동,436,69,,,206,97,,64,385,65,,,178,86,,56
255,2020,양천구,신정7동,722,505,,,,181,,36,591,412,,,,149,,30
256,2020,양천구,목5동,641,268,,,167,157,,49,574,238,,,157,138,,41
257,2020,양천구,신정4동,"1,117",409,,,537,106,,65,786,350,,,330,69,,37
258,2020,강서구,소계,"16,062","5,220",272,233,"6,336","2,885",134,982,"12,520","4,417",201,184,"4,617","2,229",100,772
259,2020,강서구,염창동,"1,404",336,,,659,290,,119,"1,117",308,,,500,238,,71
260,2020,강서구,등촌1동,505,144,,,124,89,,148,450,125,,,122,82,,121
261,2020,강서구,등촌2동,364,77,,,214,58,15,,309,73,,,185,43,8,
262,2020,강서구,등촌3동,656,468,,,32,107,49,,523,357,,,27,91,48,
263,2020,강서구,화곡본동,"1,433",263,,59,972,104,35,,"1,006",218,,44,659,60,25,
264,2020,강서구,화곡2동,602,372,,60,104,66,,,516,320,,57,79,60,,
265,2020,강서구,화곡3동,561,170,,114,189,88,,,468,159,,83,158,68,,
266,2020,강서구,화곡4동,616,79,,,446,91,,,429,67,,,300,62,,
267,2020,강서구,화곡6동,617,120,,,394,19,35,49,472,91,,,313,16,19,33
268,2020,강서구,화곡8동,554,181,,,283,90,,,400,152,,,184,64,,
269,2020,강서구,가양1동,"1,029",191,,,110,196,,532,881,164,,,103,152,,462
270,2020,강서구,가양2동,352,282,,,39,31,,,240,191,,,21,28,,
271,2020,강서구,가양3동,347,111,,,144,92,,,247,83,,,103,61,,
272,2020,강서구,발산1동,"1,265",375,99,,473,288,,30,935,330,47,,347,196,,15
273,2020,강서구,공항동,948,440,173,,,250,,85,782,389,154,,,179,,60
274,2020,강서구,방화1동,"1,391",632,,,356,403,,,"1,126",578,,,244,304,,
275,2020,강서구,방화2동,507,189,,,224,94,,,441,167,,,208,66,,
276,2020,강서구,방화3동,680,172,,,422,86,,,510,151,,,280,79,,
277,2020,강서구,화곡1동,"1,156",275,,,769,112,,,907,235,,,565,107,,
278,2020,강서구,우장산동,"1,075",343,,,382,331,,19,761,259,,,219,273,,10
279,2020,구로구,소계,"12,549","4,902",299,374,"4,227","2,192",78,477,"10,293","4,370",250,311,"3,220","1,767",67,308
280,2020,구로구,신도림동,995,251,,,445,299,,,859,246,,,374,239,,
281,2020,구로구,구로1동,721,236,,63,27,308,,87,616,223,,63,27,243,,60
282,2020,구로구,구로3동,789,359,,153,82,97,,98,634,325,,126,53,70,,60
283,2020,구로구,구로4동,586,312,,,118,156,,,508,276,,,102,130,,
284,2020,구로구,구로5동,890,238,,98,400,154,,,751,215,,87,306,143,,
285,2020,구로구,고척1동,718,195,146,,284,93,,,590,184,124,,198,84,,
286,2020,구로구,고척2동,925,193,74,60,484,114,,,671,177,57,35,324,78,,
287,2020,구로구,개봉2동,800,346,,,260,194,,,669,312,,,190,167,,
288,2020,구로구,개봉3동,638,200,,,399,39,,,552,188,,,337,27,,
289,2020,구로구,오류1동,709,305,,,163,94,19,128,509,248,,,98,88,12,63
290,2020,구로구,수궁동,702,199,,,410,53,40,,614,188,,,343,43,40,
291,2020,구로구,가리봉동,204,112,,,92,,,,163,103,,,60,,,
292,2020,구로구,구로2동,837,172,,,485,70,,110,609,130,,,370,34,,75
293,2020,구로구,개봉1동,859,313,79,,319,148,,,660,259,69,,238,94,,
294,2020,구로구,오류2동,"1,362",815,,,259,215,19,54,"1,142",682,,,200,195,15,50
295,2020,구로구,항동,814,656,,,,158,,,746,614,,,,132,,
296,2020,금천구,소계,"7,519","2,907",223,645,"2,620",700,,424,"5,607","2,383",193,442,"1,851",507,,231
297,2020,금천구,가산동,821,145,,220,185,,,271,568,110,,171,151,,,136
298,2020,금천구,독산1동,"1,140",653,,55,205,129,,98,963,580,,46,176,107,,54
299,2020,금천구,독산2동,748,343,,,278,127,,,596,266,,,247,83,,
300,2020,금천구,독산3동,541,263,,49,197,32,,,433,218,,36,157,22,,
301,2020,금천구,독산4동,598,233,,,348,17,,,435,181,,,251,3,,
302,2020,금천구,시흥1동,854,330,,76,198,195,,55,686,289,,50,145,161,,41
303,2020,금천구,시흥2동,502,362,,,,140,,,389,300,,,,89,,
304,2020,금천구,시흥3동,338,189,,89,60,,,,215,149,,32,34,,,
305,2020,금천구,시흥4동,844,196,,156,472,20,,,569,146,,107,296,20,,
306,2020,금천구,시흥5동,"1,133",193,223,,677,40,,,753,144,193,,394,22,,
307,2020,영등포구,소계,"11,944","4,444",123,66,"2,952","1,430",,"2,929","9,841","3,860",94,38,"2,339","1,235",,"2,275"
308,2020,영등포구,여의동,"2,699",165,,,,79,,"2,455","2,155",160,,,,75,,"1,920"
309,2020,영등포구,당산1동,705,328,,,255,77,,45,610,293,,,232,62,,23
310,2020,영등포구,당산2동,879,483,,,222,139,,35,685,374,,,158,124,,29
311,2020,영등포구,양평1동,529,242,,,186,101,,,449,213,,,154,82,,
312,2020,영등포구,양평2동,666,235,44,26,,158,,203,545,212,24,,,144,,165
313,2020,영등포구,신길1동,420,223,,,152,45,,,357,194,,,124,39,,
314,2020,영등포구,신길3동,362,159,,,99,104,,,310,140,,,94,76,,
315,2020,영등포구,신길4동,462,314,,,148,,,,438,303,,,135,,,
316,2020,영등포구,신길5동,240,240,,,,,,,190,190,,,,,,
317,2020,영등포구,신길6동,637,252,,,313,72,,,516,230,,,222,64,,
318,2020,영등포구,신길7동,461,270,,,34,95,,62,411,256,,,33,86,,36
319,2020,영등포구,대림1동,411,129,,,262,20,,,386,126,,,240,20,,
320,2020,영등포구,대림2동,309,138,,,151,20,,,244,114,,,112,18,,
321,2020,영등포구,대림3동,654,339,,,221,94,,,534,287,,,172,75,,
322,2020,영등포구,영등포본동,480,187,,,154,139,,,390,145,,,119,126,,
323,2020,영등포구,영등포동,492,254,,,218,20,,,356,178,,,160,18,,
324,2020,영등포구,도림동,448,153,79,40,99,77,,,386,137,70,38,81,60,,
325,2020,영등포구,문래동,"1,090",333,,,438,190,,129,879,308,,,303,166,,102
326,2020,동작구,소계,"8,966","4,255",83,101,"2,753","1,406",49,319,"7,293","3,678",29,89,"2,190","1,032",42,233
327,2020,동작구,노량진2동,114,79,,,,,,35,83,57,,,,,,26
328,2020,동작구,상도1동,"1,049",566,63,,273,109,,38,871,524,29,,222,63,,33
329,2020,동작구,상도2동,795,364,,,266,165,,,653,303,,,224,126,,
330,2020,동작구,상도3동,707,298,,,346,63,,,511,237,,,230,44,,
331,2020,동작구,상도4동,766,212,,,380,125,49,,622,181,,,299,100,42,
332,2020,동작구,사당1동,502,213,,62,207,20,,,458,206,,53,179,20,,
333,2020,동작구,사당3동,482,325,,,100,57,,,452,307,,,94,51,,
334,2020,동작구,사당4동,437,129,,,250,58,,,351,103,,,198,50,,
335,2020,동작구,사당5동,290,211,,,27,52,,,263,193,,,27,43,,
336,2020,동작구,대방동,582,279,,,130,124,,49,461,254,,,99,97,,11
337,2020,동작구,신대방1동,574,158,,,298,118,,,414,118,,,210,86,,
338,2020,동작구,신대방2동,627,350,,,54,70,,153,510,308,,,51,24,,127
339,2020,동작구,흑석동,834,451,,,221,118,,44,648,350,,,191,71,,36
340,2020,동작구,노량진1동,665,321,,39,151,154,,,526,270,,36,116,104,,
341,2020,동작구,사당2동,542,299,20,,50,173,,,470,267,,,50,153,,
342,2020,관악구,소계,"10,162","4,762",82,375,"3,065","1,239",16,623,"7,978","4,054",9,281,"2,202",958,8,466
343,2020,관악구,보라매동,739,231,,,458,20,,30,588,178,,,381,15,,14
344,2020,관악구,청림동,417,257,,,,160,,,369,234,,,,135,,
345,2020,관악구,행운동,570,198,,94,208,70,,,409,192,,71,85,61,,
346,2020,관악구,낙성대동,905,174,,96,155,,,480,671,136,,84,105,,,346
347,2020,관악구,중앙동,144,144,,,,,,,138,138,,,,,,
348,2020,관악구,인헌동,379,187,,,138,54,,,309,142,,,120,47,,
349,2020,관악구,남현동,355,59,,88,105,39,,64,256,55,,53,52,38,,58
350,2020,관악구,서원동,481,357,,,108,,16,,347,259,,,80,,8,
351,2020,관악구,신원동,367,139,,,228,,,,282,113,,,169,,,
352,2020,관악구,서림동,294,131,30,,37,96,,,201,98,9,,35,59,,
353,2020,관악구,신사동,512,172,,,307,33,,,359,155,,,181,23,,
354,2020,관악구,신림동,171,137,,,34,,,,138,120,,,18,,,
355,2020,관악구,난향동,490,178,,,179,133,,,415,158,,,155,102,,
356,2020,관악구,조원동,377,245,,,94,38,,,346,234,,,78,34,,
357,2020,관악구,대학동,223,67,,60,39,57,,,148,41,,39,20,48,,
358,2020,관악구,은천동,843,463,,,188,192,,,696,438,,,99,159,,
359,2020,관악구,성현동,670,214,,,241,215,,,508,185,,,173,150,,
360,2020,관악구,청룡동,571,376,,,126,20,,49,459,305,,,90,16,,48
361,2020,관악구,난곡동,590,283,52,37,183,35,,,487,267,,34,161,25,,
362,2020,관악구,삼성동,433,348,,,46,39,,,326,274,,,42,10,,
363,2020,관악구,미성동,631,402,,,191,38,,,526,332,,,158,36,,
364,2020,서초구,소계,"10,415","5,174",,237,"1,862",884,82,"2,176","8,310","4,402",,180,"1,455",792,56,"1,425"
365,2020,서초구,서초1동,721,345,,,39,79,,258,558,301,,,18,75,,164
366,2020,서초구,서초2동,735,250,,,85,17,,383,477,183,,,52,17,,225
367,2020,서초구,서초3동,671,154,,,108,16,49,344,490,135,,,105,16,31,203
368,2020,서초구,서초4동,380,232,,,81,20,,47,302,207,,,65,19,,11
369,2020,서초구,잠원동,476,282,,,76,100,,18,375,212,,,58,94,,11
370,2020,서초구,반포본동,40,40,,,,,,,40,40,,,,,,
371,2020,서초구,반포1동,691,336,,,335,20,,,519,259,,,259,1,,
372,2020,서초구,반포2동,475,298,,,157,20,,,399,238,,,143,18,,
373,2020,서초구,반포3동,537,328,,,69,140,,,462,283,,,51,128,,
374,2020,서초구,반포4동,793,524,,,111,36,,122,691,500,,,94,14,,83
375,2020,서초구,방배본동,181,115,,,24,,,42,147,112,,,23,,,12
376,2020,서초구,방배1동,203,85,,,38,80,,,188,81,,,36,71,,
377,2020,서초구,방배2동,739,298,,237,25,59,,120,572,269,,180,17,55,,51
378,2020,서초구,방배3동,466,321,,,106,39,,,377,269,,,71,37,,
379,2020,서초구,방배4동,446,140,,,234,72,,,401,138,,,197,66,,
380,2020,서초구,양재1동,"1,169",366,,,286,135,33,349,948,296,,,197,131,25,299
381,2020,서초구,양재2동,595,423,,,61,31,,80,503,350,,,54,30,,69
382,2020,서초구,내곡동,"1,097",637,,,27,20,,413,861,529,,,15,20,,297
383,2020,강남구,소계,"10,877","4,850",,,"2,929","1,001",69,"2,028","8,202","4,028",,,"2,131",795,56,"1,192"
384,2020,강남구,신사동,296,222,,,54,20,,,246,205,,,39,2,,
385,2020,강남구,논현1동,291,183,,,88,20,,,228,145,,,66,17,,
386,2020,강남구,논현2동,223,114,,,48,,,61,175,101,,,40,,,34
387,2020,강남구,삼성1동,546,249,,,68,20,,209,364,198,,,53,19,,94
388,2020,강남구,삼성2동,765,174,,,357,57,,177,574,149,,,245,52,,128
389,2020,강남구,대치1동,362,167,,,195,,,,264,124,,,140,,,
390,2020,강남구,대치4동,727,210,,,199,34,,284,529,184,,,154,26,,165
391,2020,강남구,역삼1동,695,69,,,148,20,,458,408,56,,,133,16,,203
392,2020,강남구,역삼2동,526,209,,,280,20,,17,392,183,,,181,15,,13
393,2020,강남구,도곡1동,276,159,,,57,60,,,215,107,,,48,60,,
394,2020,강남구,도곡2동,308,254,,,34,20,,,264,214,,,32,18,,
395,2020,강남구,개포4동,802,321,,,309,72,,100,566,235,,,234,54,,43
396,2020,강남구,일원본동,701,163,,,214,74,,250,572,135,,,167,62,,208
397,2020,강남구,일원1동,387,116,,,223,48,,,294,100,,,162,32,,
398,2020,강남구,일원2동,476,234,,,64,78,,100,354,216,,,39,41,,58
399,2020,강남구,수서동,554,243,,,197,40,,74,363,184,,,108,24,,47
400,2020,강남구,세곡동,"1,391",823,,,242,257,69,,"1,141",724,,,150,211,56,
401,2020,강남구,압구정동,315,211,,,,20,,84,240,161,,,,18,,61
402,2020,강남구,청담동,473,226,,,152,20,,75,405,194,,,140,19,,52
403,2020,강남구,대치2동,502,303,,,,60,,139,394,256,,,,52,,86
404,2020,강남구,개포2동,261,200,,,,61,,,214,157,,,,57,,
405,2020,송파구,소계,"16,691","6,163",79,116,"6,196","2,703",48,"1,386","14,346","5,475",70,104,"5,135","2,427",36,"1,099"
406,2020,송파구,풍납1동,249,108,,,103,38,,,219,106,,,76,37,,
407,2020,송파구,풍납2동,"1,105",351,,,300,106,,348,912,302,,,176,98,,336
408,2020,송파구,거여1동,570,190,79,,301,,,,502,173,70,,259,,,
409,2020,송파구,거여2동,682,294,,,295,93,,,577,246,,,251,80,,
410,2020,송파구,마천1동,490,263,,,167,60,,,397,203,,,137,57,,
411,2020,송파구,마천2동,564,158,,61,308,37,,,415,118,,53,213,31,,
412,2020,송파구,방이1동,221,,,,201,20,,,187,,,,174,13,,
413,2020,송파구,방이2동,618,150,,,304,115,,49,542,136,,,268,103,,35
414,2020,송파구,오륜동,93,,,,,,,93,51,,,,,,,51
415,2020,송파구,오금동,941,457,,,314,170,,,860,418,,,298,144,,
416,2020,송파구,송파1동,589,274,,,181,97,,37,500,262,,,141,71,,26
417,2020,송파구,송파2동,267,20,,,187,60,,,257,19,,,180,58,,
418,2020,송파구,석촌동,898,220,,,641,37,,,672,130,,,506,36,,
419,2020,송파구,삼전동,994,143,,24,807,20,,,843,129,,20,676,18,,
420,2020,송파구,가락본동,548,287,,,142,119,,,474,258,,,113,103,,
421,2020,송파구,가락1동,833,675,,,,100,,58,770,638,,,,99,,33
422,2020,송파구,가락2동,"1,138",151,,,836,74,,77,939,140,,,680,67,,52
423,2020,송파구,문정1동,424,131,,,245,48,,,368,122,,,211,35,,
424,2020,송파구,문정2동,585,125,,,83,76,,301,489,116,,,80,73,,220
425,2020,송파구,잠실본동,541,108,,31,387,15,,,519,99,,31,374,15,,
426,2020,송파구,잠실4동,580,179,,,64,337,,,544,172,,,60,312,,
427,2020,송파구,잠실6동,586,46,,,,206,,334,532,45,,,,178,,309
428,2020,송파구,잠실2동,422,222,,,,200,,,409,214,,,,195,,
429,2020,송파구,잠실3동,465,29,,,108,288,,40,423,28,,,105,255,,35
430,2020,송파구,장지동,817,432,,,182,155,48,,685,405,,,118,126,36,
431,2020,송파구,위례동,"1,471","1,150",,,40,232,,49,"1,260",996,,,39,223,,2
432,2020,강동구,소계,"13,025","4,958",87,165,"5,598","1,817",20,380,"10,860","4,325",82,143,"4,451","1,544",18,297
433,2020,강동구,강일동,"1,571",714,,,272,390,,195,"1,180",470,,,172,366,,172
434,2020,강동구,상일동,760,567,,,133,60,,,730,546,,,125,59,,
435,2020,강동구,명일1동,668,252,,,266,150,,,638,246,,,264,128,,
436,2020,강동구,명일2동,287,65,,,104,79,,39,245,56,,,88,77,,24
437,2020,강동구,고덕1동,610,310,,,202,98,,,537,292,,,151,94,,
438,2020,강동구,고덕2동,573,357,,,141,75,,,519,326,,,121,72,,
439,2020,강동구,암사2동,526,156,,,210,160,,,468,134,,,182,152,,
440,2020,강동구,암사3동,484,293,,,91,80,20,,457,279,,,81,79,18,
441,2020,강동구,천호1동,848,336,,,397,115,,,748,286,,,371,91,,
442,2020,강동구,천호3동,698,144,,,475,79,,,485,129,,,299,57,,
443,2020,강동구,성내1동,793,293,,,335,79,,86,636,264,,,241,65,,66
444,2020,강동구,성내2동,661,140,,,465,56,,,506,127,,,347,32,,
445,2020,강동구,성내3동,760,243,,,460,57,,,616,216,,,361,39,,
446,2020,강동구,둔촌2동,680,217,87,,225,151,,,524,186,82,,164,92,,
447,2020,강동구,암사1동,"1,070",210,,89,713,58,,,917,197,,68,617,35,,
448,2020,강동구,천호2동,784,393,,,331,,,60,671,348,,,288,,,35
449,2020,강동구,길동,"1,252",268,,76,778,130,,,983,223,,75,579,106,,
