행정동코드,시도명,시군구명,자치구,행정동,법정동코드,동리명
1111051500,서울특별시,종로구,종로구,청운효자동,1111010100,청운동
1111051500,서울특별시,종로구,종로구,청운효자동,1111010200,신교동
1111051500,서울특별시,종로구,종로구,청운효자동,1111010300,궁정동
1111051500,서울특별시,종로구,종로구,청운효자동,1111010400,효자동
1111051500,서울특별시,종로구,종로구,청운효자동,1111010500,창성동
1111051500,서울특별시,종로구,종로구,청운효자동,1111010800,통인동
1111051500,서울특별시,종로구,종로구,청운효자동,1111010900,누상동
1111051500,서울특별시,종로구,종로구,청운효자동,1111011000,누하동
1111051500,서울특별시,종로구,종로구,청운효자동,1111011100,옥인동
1111051500,서울특별시,종로구,종로구,청운효자동,1111011900,세종로
1111053000,서울특별시,종로구,종로구,사직동,1111010600,통의동
1111053000,서울특별시,종로구,종로구,사직동,1111010700,적선동
1111053000,서울특별시,종로구,종로구,사직동,1111011200,체부동
1111053000,서울특별시,종로구,종로구,사직동,1111011300,필운동
1111053000,서울특별시,종로구,종로구,사직동,1111011400,내자동
1111053000,서울특별시,종로구,종로구,사직동,1111011500,사직동
1111053000,서울특별시,종로구,종로구,사직동,1111011600,도렴동
1111053000,서울특별시,종로구,종로구,사직동,1111011700,당주동
1111053000,서울특별시,종로구,종로구,사직동,1111011800,내수동
1111053000,서울특별시,종로구,종로구,사직동,1111011900,세종로
1111053000,서울특별시,종로구,종로구,사직동,1111012000,신문로1가
1111053000,서울특별시,종로구,종로구,사직동,1111012100,신문로2가
1111054000,서울특별시,종로구,종로구,삼청동,1111013900,팔판동
1111054000,서울특별시,종로구,종로구,삼청동,1111014000,삼청동
1111054000,서울특별시,종로구,종로구,삼청동,1111014100,안국동
1111054000,서울특별시,종로구,종로구,삼청동,1111014200,소격동
1111054000,서울특별시,종로구,종로구,삼청동,1111014300,화동
1111054000,서울특별시,종로구,종로구,삼청동,1111014400,사간동
1111054000,서울특별시,종로구,종로구,삼청동,1111014500,송현동
1111055000,서울특별시,종로구,종로구,부암동,1111018400,부암동
1111055000,서울특별시,종로구,종로구,부암동,1111018500,홍지동
1111055000,서울특별시,종로구,종로구,부암동,1111018600,신영동
1111056000,서울특별시,종로구,종로구,평창동,1111018200,구기동
1111056000,서울특별시,종로구,종로구,평창동,1111018300,평창동
1111057000,서울특별시,종로구,종로구,무악동,1111018700,무악동
1111058000,서울특별시,종로구,종로구,교남동,1111017600,교남동
1111058000,서울특별시,종로구,종로구,교남동,1111017700,평동
1111058000,서울특별시,종로구,종로구,교남동,1111017800,송월동
1111058000,서울특별시,종로구,종로구,교남동,1111017900,홍파동
1111058000,서울특별시,종로구,종로구,교남동,1111018000,교북동
1111058000,서울특별시,종로구,종로구,교남동,1111018100,행촌동
1111060000,서울특별시,종로구,종로구,가회동,1111014600,가회동
1111060000,서울특별시,종로구,종로구,가회동,1111014700,재동
1111060000,서울특별시,종로구,종로구,가회동,1111014800,계동
1111060000,서울특별시,종로구,종로구,가회동,1111014900,원서동
1111061500,서울특별시,종로구,종로구,종로1.2.3.4가동,1111011900,세종로
1111061500,서울특별시,종로구,종로구,종로1.2.3.4가동,1111012200,청진동
1111061500,서울특별시,종로구,종로구,종로1.2.3.4가동,1111012300,서린동
1111061500,서울특별시,종로구,종로구,종로1.2.3.4가동,1111012400,수송동
1111061500,서울특별시,종로구,종로구,종로1.2.3.4가동,1111012500,중학동
1111061500,서울특별시,종로구,종로구,종로1.2.3.4가동,1111012600,종로1가
1111061500,서울특별시,종로구,종로구,종로1.2.3.4가동,1111012700,공평동
1111061500,서울특별시,종로구,종로구,종로1.2.3.4가동,1111012800,관훈동
1111061500,서울특별시,종로구,종로구,종로1.2.3.4가동,1111012900,견지동
1111061500,서울특별시,종로구,종로구,종로1.2.3.4가동,1111013000,와룡동
1111061500,서울특별시,종로구,종로구,종로1.2.3.4가동,1111013100,권농동
1111061500,서울특별시,종로구,종로구,종로1.2.3.4가동,1111013200,운니동
1111061500,서울특별시,종로구,종로구,종로1.2.3.4가동,1111013300,익선동
1111061500,서울특별시,종로구,종로구,종로1.2.3.4가동,1111013400,경운동
1111061500,서울특별시,종로구,종로구,종로1.2.3.4가동,1111013500,관철동
1111061500,서울특별시,종로구,종로구,종로1.2.3.4가동,1111013600,인사동
1111061500,서울특별시,종로구,종로구,종로1.2.3.4가동,1111013700,낙원동
1111061500,서울특별시,종로구,종로구,종로1.2.3.4가동,1111013800,종로2가
1111061500,서울특별시,종로구,종로구,종로1.2.3.4가동,1111015000,훈정동
1111061500,서울특별시,종로구,종로구,종로1.2.3.4가동,1111015100,묘동
1111061500,서울특별시,종로구,종로구,종로1.2.3.4가동,1111015200,봉익동
1111061500,서울특별시,종로구,종로구,종로1.2.3.4가동,1111015300,돈의동
1111061500,서울특별시,종로구,종로구,종로1.2.3.4가동,1111015400,장사동
1111061500,서울특별시,종로구,종로구,종로1.2.3.4가동,1111015500,관수동
1111061500,서울특별시,종로구,종로구,종로1.2.3.4가동,1111015600,종로3가
1111061500,서울특별시,종로구,종로구,종로1.2.3.4가동,1111015700,인의동
1111061500,서울특별시,종로구,종로구,종로1.2.3.4가동,1111015800,예지동
1111061500,서울특별시,종로구,종로구,종로1.2.3.4가동,1111015900,원남동
1111061500,서울특별시,종로구,종로구,종로1.2.3.4가동,1111016100,종로4가
1111064000,서울특별시,종로구,종로구,이화동,1111016500,이화동
1111064000,서울특별시,종로구,종로구,이화동,1111016600,연건동
1111064000,서울특별시,종로구,종로구,이화동,1111016800,동숭동
1111065000,서울특별시,종로구,종로구,혜화동,1111013000,와룡동
1111065000,서울특별시,종로구,종로구,혜화동,1111016900,혜화동
1111065000,서울특별시,종로구,종로구,혜화동,1111017000,명륜1가
1111065000,서울특별시,종로구,종로구,혜화동,1111017100,명륜2가
1111065000,서울특별시,종로구,종로구,혜화동,1111017200,명륜4가
1111065000,서울특별시,종로구,종로구,혜화동,1111017300,명륜3가
1114052000,서울특별시,중구,중구,소공동,1114011100,소공동
1114052000,서울특별시,중구,중구,소공동,1114011300,북창동
1114052000,서울특별시,중구,중구,소공동,1114011400,태평로2가
1114052000,서울특별시,중구,중구,소공동,1114011500,남대문로2가
1114052000,서울특별시,중구,중구,소공동,1114011600,남대문로3가
1114052000,서울특별시,중구,중구,소공동,1114011700,남대문로4가
1114052000,서울특별시,중구,중구,소공동,1114011900,봉래동1가
1114052000,서울특별시,중구,중구,소공동,1114016600,서소문동
1114052000,서울특별시,중구,중구,소공동,1114016700,정동
1114052000,서울특별시,중구,중구,소공동,1114016800,순화동
1114052000,서울특별시,중구,중구,소공동,1114016900,의주로1가
1114052000,서울특별시,중구,중구,소공동,1114017000,충정로1가
1114054000,서울특별시,중구,중구,회현동,1114011200,남창동
1114054000,서울특별시,중구,중구,회현동,1114011600,남대문로3가
1114054000,서울특별시,중구,중구,회현동,1114011700,남대문로4가
1114054000,서울특별시,중구,중구,회현동,1114011800,남대문로5가
1114054000,서울특별시,중구,중구,회현동,1114011900,봉래동1가
1114054000,서울특별시,중구,중구,회현동,1114012000,봉래동2가
1114054000,서울특별시,중구,중구,회현동,1114012100,회현동1가
1114054000,서울특별시,중구,중구,회현동,1114012200,회현동2가
1114054000,서울특별시,중구,중구,회현동,1114012300,회현동3가
1114054000,서울특별시,중구,중구,회현동,1114012400,충무로1가
1114054000,서울특별시,중구,중구,회현동,1114016800,순화동
1114055000,서울특별시,중구,중구,명동,1114010100,무교동
1114055000,서울특별시,중구,중구,명동,1114010200,다동
1114055000,서울특별시,중구,중구,명동,1114010300,태평로1가
1114055000,서울특별시,중구,중구,명동,1114010400,을지로1가
1114055000,서울특별시,중구,중구,명동,1114010500,을지로2가
1114055000,서울특별시,중구,중구,명동,1114010600,남대문로1가
1114055000,서울특별시,중구,중구,명동,1114010700,삼각동
1114055000,서울특별시,중구,중구,명동,1114010800,수하동
1114055000,서울특별시,중구,중구,명동,1114010900,장교동
1114055000,서울특별시,중구,중구,명동,1114011000,수표동
1114055000,서울특별시,중구,중구,명동,1114011500,남대문로2가
1114055000,서울특별시,중구,중구,명동,1114012100,회현동1가
1114055000,서울특별시,중구,중구,명동,1114012200,회현동2가
1114055000,서울특별시,중구,중구,명동,1114012300,회현동3가
1114055000,서울특별시,중구,중구,명동,1114012400,충무로1가
1114055000,서울특별시,중구,중구,명동,1114012500,충무로2가
1114055000,서울특별시,중구,중구,명동,1114012600,명동1가
1114055000,서울특별시,중구,중구,명동,1114012700,명동2가
1114055000,서울특별시,중구,중구,명동,1114012800,남산동1가
1114055000,서울특별시,중구,중구,명동,1114012900,남산동2가
1114055000,서울특별시,중구,중구,명동,1114013000,남산동3가
1114055000,서울특별시,중구,중구,명동,1114013100,저동1가
1114055000,서울특별시,중구,중구,명동,1114014200,예장동
1114057000,서울특별시,중구,중구,필동,1114013200,충무로4가
1114057000,서울특별시,중구,중구,필동,1114013300,충무로5가
1114057000,서울특별시,중구,중구,필동,1114013600,묵정동
1114057000,서울특별시,중구,중구,필동,1114013700,필동1가
1114057000,서울특별시,중구,중구,필동,1114013800,필동2가
1114057000,서울특별시,중구,중구,필동,1114013900,필동3가
1114057000,서울특별시,중구,중구,필동,1114014000,남학동
1114057000,서울특별시,중구,중구,필동,1114014100,주자동
1114057000,서울특별시,중구,중구,필동,1114014200,예장동
1114057000,서울특별시,중구,중구,필동,1114014400,장충동2가
1114057000,서울특별시,중구,중구,필동,1114015800,충무로3가
1114058000,서울특별시,중구,중구,장충동,1114013600,묵정동
1114058000,서울특별시,중구,중구,장충동,1114014300,장충동1가
1114058000,서울특별시,중구,중구,장충동,1114014400,장충동2가
1114059000,서울특별시,중구,중구,광희동,1114013200,충무로4가
1114059000,서울특별시,중구,중구,광희동,1114013300,충무로5가
1114059000,서울특별시,중구,중구,광희동,1114013400,인현동2가
1114059000,서울특별시,중구,중구,광희동,1114013500,예관동
1114059000,서울특별시,중구,중구,광희동,1114014500,광희동1가
1114059000,서울특별시,중구,중구,광희동,1114014600,광희동2가
1114059000,서울특별시,중구,중구,광희동,1114014700,쌍림동
1114059000,서울특별시,중구,중구,광희동,1114014800,을지로6가
1114059000,서울특별시,중구,중구,광희동,1114014900,을지로7가
1114059000,서울특별시,중구,중구,광희동,1114015400,오장동
1114060500,서울특별시,중구,중구,을지로동,1114015000,을지로4가
1114060500,서울특별시,중구,중구,을지로동,1114015100,을지로5가
1114060500,서울특별시,중구,중구,을지로동,1114015200,주교동
1114060500,서울특별시,중구,중구,을지로동,1114015300,방산동
1114060500,서울특별시,중구,중구,을지로동,1114015500,을지로3가
1114060500,서울특별시,중구,중구,을지로동,1114015600,입정동
1114060500,서울특별시,중구,중구,을지로동,1114015700,산림동
1114060500,서울특별시,중구,중구,을지로동,1114015900,초동
1114060500,서울특별시,중구,중구,을지로동,1114016000,인현동1가
1114060500,서울특별시,중구,중구,을지로동,1114016100,저동2가
1114061500,서울특별시,중구,중구,신당동,1114016200,신당동
1114061500,서울특별시,중구,중구,신당동,1114016300,흥인동
1114061500,서울특별시,중구,중구,신당동,1114016400,무학동
1114062500,서울특별시,중구,중구,다산동,1114016200,신당동
1114063500,서울특별시,중구,중구,약수동,1114016200,신당동
1114064500,서울특별시,중구,중구,청구동,1114016200,신당동
1114066500,서울특별시,중구,중구,동화동,1114016200,신당동
1114067000,서울특별시,중구,중구,황학동,1114016500,황학동
1114068000,서울특별시,중구,중구,중림동,1114017100,중림동
1114068000,서울특별시,중구,중구,중림동,1114017200,의주로2가
1114068000,서울특별시,중구,중구,중림동,1114017300,만리동1가
1114068000,서울특별시,중구,중구,중림동,1114017400,만리동2가
1117051000,서울특별시,용산구,용산구,후암동,1117010100,후암동
1117052000,서울특별시,용산구,용산구,용산2가동,1117010200,용산동2가
1117052000,서울특별시,용산구,용산구,용산2가동,1117010300,용산동4가
1117053000,서울특별시,용산구,용산구,남영동,1117010400,갈월동
1117053000,서울특별시,용산구,용산구,남영동,1117010500,남영동
1117053000,서울특별시,용산구,용산구,남영동,1117010600,용산동1가
1117053000,서울특별시,용산구,용산구,남영동,1117010700,동자동
1117055500,서울특별시,용산구,용산구,청파동,1117010800,서계동
1117055500,서울특별시,용산구,용산구,청파동,1117010900,청파동1가
1117055500,서울특별시,용산구,용산구,청파동,1117011000,청파동2가
1117055500,서울특별시,용산구,용산구,청파동,1117011100,청파동3가
1117058000,서울특별시,용산구,용산구,효창동,1117011900,효창동
1117059000,서울특별시,용산구,용산구,용문동,1117012000,도원동
1117059000,서울특별시,용산구,용산구,용문동,1117012100,용문동
1117062500,서울특별시,용산구,용산구,한강로동,1117012400,한강로1가
1117062500,서울특별시,용산구,용산구,한강로동,1117012500,한강로2가
1117062500,서울특별시,용산구,용산구,한강로동,1117012600,용산동3가
1117062500,서울특별시,용산구,용산구,한강로동,1117012700,용산동5가
1117062500,서울특별시,용산구,용산구,한강로동,1117012800,한강로3가
1117068500,서울특별시,용산구,용산구,한남동,1117013100,한남동
1117069000,서울특별시,용산구,용산구,서빙고동,1117013200,동빙고동
1117069000,서울특별시,용산구,용산구,서빙고동,1117013300,서빙고동
1117069000,서울특별시,용산구,용산구,서빙고동,1117013400,주성동
1117069000,서울특별시,용산구,용산구,서빙고동,1117013500,용산동6가
1117070000,서울특별시,용산구,용산구,보광동,1117013600,보광동
1120050100,서울특별시,성동구,성동구,옥수동,1120011300,옥수동
1120064500,서울특별시,성동구,성동구,옥수동,1120011300,옥수동
1120053500,서울특별시,성동구,성동구,왕십리도선동,1120010100,상왕십리동
1120053500,서울특별시,성동구,성동구,왕십리도선동,1120010200,하왕십리동
1120053500,서울특별시,성동구,성동구,왕십리도선동,1120010300,홍익동
1120053500,서울특별시,성동구,성동구,왕십리도선동,1120010400,도선동
1120054000,서울특별시,성동구,성동구,마장동,1120010500,마장동
1120055000,서울특별시,성동구,성동구,사근동,1120010600,사근동
1120055000,서울특별시,성동구,성동구,사근동,1120010700,행당동
1120058000,서울특별시,성동구,성동구,응봉동,1120010800,응봉동
1120059000,서울특별시,성동구,성동구,금호1가동,1120010900,금호동1가
1120061500,서울특별시,성동구,성동구,금호2.3가동,1120011000,금호동2가
1120061500,서울특별시,성동구,성동구,금호2.3가동,1120011100,금호동3가
1120062000,서울특별시,성동구,성동구,금호4가동,1120011200,금호동4가
1120071000,서울특별시,성동구,광진구,화양동,1120011600,화양동
1120071000,서울특별시,성동구,광진구,화양동,1120011700,모진동
1121571000,서울특별시,광진구,광진구,화양동,1121510700,화양동
1121571000,서울특별시,광진구,광진구,화양동,1121510800,모진동
1120072000,서울특별시,성동구,성동구,송정동,1120011800,송정동
1120073000,서울특별시,성동구,광진구,군자동,1120011900,군자동
1120073000,서울특별시,성동구,광진구,군자동,1120012100,능동
1121573000,서울특별시,광진구,광진구,군자동,1121510200,능동
1121573000,서울특별시,광진구,광진구,군자동,1121510900,군자동
1120078000,서울특별시,성동구,광진구,능동,1120012100,능동
1120078000,서울특별시,성동구,광진구,능동,1120012400,구의동
1121578000,서울특별시,광진구,광진구,능동,1121510200,능동
1120079000,서울특별시,성동구,성동구,용답동,1120011800,송정동
1120079000,서울특별시,성동구,성동구,용답동,1120011900,군자동
1120079000,서울특별시,성동구,성동구,용답동,1120012100,능동
1120079000,서울특별시,성동구,성동구,용답동,1120012200,용답동
1120081000,서울특별시,성동구,광진구,광장동,1120012300,광장동
1120081000,서울특별시,성동구,광진구,광장동,1120012400,구의동
1121581000,서울특별시,광진구,광진구,광장동,1121510400,광장동
1123053600,서울특별시,동대문구,동대문구,용신동,1123010100,신설동
1123053600,서울특별시,동대문구,동대문구,용신동,1123010200,용두동
1123054500,서울특별시,동대문구,동대문구,제기동,1123010300,제기동
1123070500,서울특별시,동대문구,동대문구,청량리동,1123010700,청량리동
1123071000,서울특별시,동대문구,동대문구,회기동,1123010800,회기동
1126056500,서울특별시,중랑구,중랑구,면목본동,1126010100,면목동
1126065500,서울특별시,중랑구,중랑구,망우본동,1126010500,망우동
1126068000,서울특별시,중랑구,중랑구,신내1동,1126010600,신내동
1126069000,서울특별시,중랑구,중랑구,신내2동,1126010600,신내동
1129052500,서울특별시,성북구,성북구,성북동,1129010100,성북동
1129052500,서울특별시,성북구,성북구,성북동,1129010200,성북동1가
1129052500,서울특별시,성북구,성북구,성북동,1129010400,동소문동1가
1129052500,서울특별시,성북구,성북구,성북동,1129010700,동소문동4가
1129055500,서울특별시,성북구,성북구,삼선동,1129010300,돈암동
1129055500,서울특별시,성북구,성북구,삼선동,1129010500,동소문동2가
1129055500,서울특별시,성북구,성북구,삼선동,1129010600,동소문동3가
1129055500,서울특별시,성북구,성북구,삼선동,1129010800,동소문동5가
1129055500,서울특별시,성북구,성북구,삼선동,1129011100,삼선동1가
1129055500,서울특별시,성북구,성북구,삼선동,1129011200,삼선동2가
1129055500,서울특별시,성북구,성북구,삼선동,1129011300,삼선동3가
1129055500,서울특별시,성북구,성북구,삼선동,1129011400,삼선동4가
1129055500,서울특별시,성북구,성북구,삼선동,1129011500,삼선동5가
1129057500,서울특별시,성북구,성북구,동선동,1129010300,돈암동
1129057500,서울특별시,성북구,성북구,동선동,1129010900,동소문동6가
1129057500,서울특별시,성북구,성북구,동선동,1129011000,동소문동7가
1129057500,서울특별시,성북구,성북구,동선동,1129011600,동선동1가
1129057500,서울특별시,성북구,성북구,동선동,1129011700,동선동2가
1129057500,서울특별시,성북구,성북구,동선동,1129011800,동선동3가
1129057500,서울특별시,성북구,성북구,동선동,1129011900,동선동4가
1129057500,서울특별시,성북구,성북구,동선동,1129012000,동선동5가
1129060000,서울특별시,성북구,성북구,안암동,1129012100,안암동1가
1129060000,서울특별시,성북구,성북구,안암동,1129012200,안암동2가
1129060000,서울특별시,성북구,성북구,안암동,1129012300,안암동3가
1129060000,서울특별시,성북구,성북구,안암동,1129012400,안암동4가
1129060000,서울특별시,성북구,성북구,안암동,1129012500,안암동5가
1129061000,서울특별시,성북구,성북구,보문동,1129012600,보문동4가
1129061000,서울특별시,성북구,성북구,보문동,1129012700,보문동5가
1129061000,서울특별시,성북구,성북구,보문동,1129012800,보문동6가
1129061000,서울특별시,성북구,성북구,보문동,1129012900,보문동7가
1129061000,서울특별시,성북구,성북구,보문동,1129013000,보문동1가
1129061000,서울특별시,성북구,성북구,보문동,1129013100,보문동2가
1129061000,서울특별시,성북구,성북구,보문동,1129013200,보문동3가
1129070500,서울특별시,성북구,성북구,종암동,1129013500,종암동
1129081000,서울특별시,성북구,성북구,석관동,1129013900,석관동
1130553400,서울특별시,강북구,강북구,삼양동,1130510100,미아동
1130553500,서울특별시,강북구,강북구,미아동,1130510100,미아동
1130554500,서울특별시,강북구,강북구,송중동,1130510100,미아동
1130555500,서울특별시,강북구,강북구,송천동,1130510100,미아동
1130557500,서울특별시,강북구,강북구,삼각산동,1130510100,미아동
1130559500,서울특별시,강북구,강북구,번1동,1130510200,번동
1130560300,서울특별시,강북구,강북구,번2동,1130510200,번동
1130560800,서울특별시,강북구,강북구,번3동,1130510200,번동
1130561500,서울특별시,강북구,강북구,수유1동,1130510300,수유동
1130562500,서울특별시,강북구,강북구,수유2동,1130510300,수유동
1130563500,서울특별시,강북구,강북구,수유3동,1130510300,수유동
1130564500,서울특별시,강북구,강북구,우이동,1130510300,수유동
1130564500,서울특별시,강북구,강북구,우이동,1130510400,우이동
1130566000,서울특별시,강북구,강북구,인수동,1130510300,수유동
1135056000,서울특별시,노원구,노원구,월계1동,1135010200,월계동
1135057000,서울특별시,노원구,노원구,월계2동,1135010200,월계동
1135058000,서울특별시,노원구,노원구,월계3동,1135010200,월계동
1135059500,서울특별시,노원구,노원구,공릉1동,1135010300,공릉동
1135060000,서울특별시,노원구,노원구,공릉2동,1135010300,공릉동
1135061100,서울특별시,노원구,노원구,하계1동,1135010400,하계동
1135061200,서울특별시,노원구,노원구,하계2동,1135010400,하계동
1135061900,서울특별시,노원구,노원구,중계본동,1135010600,중계동
1135062100,서울특별시,노원구,노원구,중계1동,1135010600,중계동
1135062400,서울특별시,노원구,노원구,중계4동,1135010500,상계동
1135062400,서울특별시,노원구,노원구,중계4동,1135010600,중계동
1135062500,서울특별시,노원구,노원구,중계2.3동,1135010600,중계동
1135063000,서울특별시,노원구,노원구,상계1동,1135010500,상계동
1135064000,서울특별시,노원구,노원구,상계2동,1135010500,상계동
1135066500,서울특별시,노원구,노원구,상계3.4동,1135010500,상계동
1135067000,서울특별시,노원구,노원구,상계5동,1135010500,상계동
1135069500,서울특별시,노원구,노원구,상계6.7동,1135010500,상계동
1135070000,서울특별시,노원구,노원구,상계8동,1135010500,상계동
1135071000,서울특별시,노원구,노원구,상계9동,1135010500,상계동
1135072000,서울특별시,노원구,노원구,상계10동,1135010500,상계동
1138051000,서울특별시,은평구,은평구,녹번동,1138010200,녹번동
1138056000,서울특별시,은평구,은평구,구산동,1138010400,갈현동
1138056000,서울특별시,은평구,은평구,구산동,1138010500,구산동
1138057000,서울특별시,은평구,은평구,대조동,1138010600,대조동
1138062500,서울특별시,은평구,은평구,역촌동,1138010800,역촌동
1138063000,서울특별시,은평구,관악구,신사동,1138010900,신사동
1138063000,서울특별시,은평구,강남구,신사동,1138010900,신사동
1162068500,서울특별시,관악구,관악구,신사동,1162010200,신림동
1162068500,서울특별시,관악구,강남구,신사동,1162010200,신림동
1168051000,서울특별시,강남구,관악구,신사동,1168010700,신사동
1168051000,서울특별시,강남구,강남구,신사동,1168010700,신사동
1168051000,서울특별시,강남구,관악구,신사동,1168011000,압구정동
1168051000,서울특별시,강남구,강남구,신사동,1168011000,압구정동
1138064000,서울특별시,은평구,은평구,증산동,1138010900,신사동
1138064000,서울특별시,은평구,은평구,증산동,1138011000,증산동
1138065000,서울특별시,은평구,은평구,수색동,1138010100,수색동
1138069000,서울특별시,은평구,은평구,진관동,1138011400,진관동
1141052000,서울특별시,서대문구,서대문구,천연동,1141010500,냉천동
1141052000,서울특별시,서대문구,서대문구,천연동,1141010600,천연동
1141052000,서울특별시,서대문구,서대문구,천연동,1141010700,옥천동
1141052000,서울특별시,서대문구,서대문구,천연동,1141010800,영천동
1141052000,서울특별시,서대문구,서대문구,천연동,1141010900,현저동
1141055500,서울특별시,서대문구,서대문구,북아현동,1141011000,북아현동
1141055500,서울특별시,서대문구,서대문구,북아현동,1141011200,대현동
1141056500,서울특별시,서대문구,서대문구,충현동,1141010100,충정로2가
1141056500,서울특별시,서대문구,서대문구,충현동,1141010200,충정로3가
1141056500,서울특별시,서대문구,서대문구,충현동,1141010300,합동
1141056500,서울특별시,서대문구,서대문구,충현동,1141010400,미근동
1141056500,서울특별시,서대문구,서대문구,충현동,1141011000,북아현동
1141058500,서울특별시,서대문구,서대문구,신촌동,1141011200,대현동
1141058500,서울특별시,서대문구,서대문구,신촌동,1141011300,대신동
1141058500,서울특별시,서대문구,서대문구,신촌동,1141011400,신촌동
1141058500,서울특별시,서대문구,서대문구,신촌동,1141011500,봉원동
1141058500,서울특별시,서대문구,서대문구,신촌동,1141011600,창천동
1141061500,서울특별시,서대문구,서대문구,연희동,1141011700,연희동
1144055500,서울특별시,마포구,마포구,아현동,1144010100,아현동
1144055500,서울특별시,마포구,마포구,아현동,1144010200,공덕동
1144055500,서울특별시,마포구,마포구,아현동,1144010900,염리동
1144056500,서울특별시,마포구,마포구,공덕동,1144010100,아현동
1144056500,서울특별시,마포구,마포구,공덕동,1144010200,공덕동
1144056500,서울특별시,마포구,마포구,공덕동,1144010300,신공덕동
1144056500,서울특별시,마포구,마포구,공덕동,1144010400,도화동
1144058500,서울특별시,마포구,마포구,도화동,1144010400,도화동
1144058500,서울특별시,마포구,마포구,도화동,1144010700,마포동
1144059000,서울특별시,마포구,마포구,용강동,1144010400,도화동
1144059000,서울특별시,마포구,마포구,용강동,1144010500,용강동
1144059000,서울특별시,마포구,마포구,용강동,1144010600,토정동
1144059000,서울특별시,마포구,마포구,용강동,1144010700,마포동
1144059000,서울특별시,마포구,마포구,용강동,1144010800,대흥동
1144059000,서울특별시,마포구,마포구,용강동,1144010900,염리동
1144060000,서울특별시,마포구,마포구,대흥동,1144010800,대흥동
1144060000,서울특별시,마포구,마포구,대흥동,1144011000,노고산동
1144060000,서울특별시,마포구,마포구,대흥동,1144011100,신수동
1144061000,서울특별시,마포구,마포구,염리동,1144010200,공덕동
1144061000,서울특별시,마포구,마포구,염리동,1144010900,염리동
1144063000,서울특별시,마포구,마포구,신수동,1144010800,대흥동
1144063000,서울특별시,마포구,마포구,신수동,1144011100,신수동
1144063000,서울특별시,마포구,마포구,신수동,1144011200,현석동
1144063000,서울특별시,마포구,마포구,신수동,1144011300,구수동
1144063000,서울특별시,마포구,마포구,신수동,1144011700,신정동
1144065500,서울특별시,마포구,마포구,서강동,1144011400,창전동
1144065500,서울특별시,마포구,마포구,서강동,1144011500,상수동
1144065500,서울특별시,마포구,마포구,서강동,1144011600,하중동
1144065500,서울특별시,마포구,마포구,서강동,1144011700,신정동
1144065500,서울특별시,마포구,마포구,서강동,1144011800,당인동
1144066000,서울특별시,마포구,마포구,서교동,1144011000,노고산동
1144066000,서울특별시,마포구,마포구,서교동,1144012000,서교동
1144066000,서울특별시,마포구,마포구,서교동,1144012100,동교동
1144066000,서울특별시,마포구,마포구,서교동,1144012300,망원동
1144068000,서울특별시,마포구,마포구,합정동,1144012200,합정동
1144068000,서울특별시,마포구,마포구,합정동,1144012300,망원동
1144071000,서울특별시,마포구,마포구,연남동,1144012400,연남동
1144074000,서울특별시,마포구,마포구,상암동,1144012700,상암동
1147051000,서울특별시,양천구,양천구,목1동,1147010200,목동
1147052000,서울특별시,양천구,양천구,목2동,1147010200,목동
1147053000,서울특별시,양천구,양천구,목3동,1147010200,목동
1147054000,서울특별시,양천구,양천구,목4동,1147010200,목동
1147055000,서울특별시,양천구,양천구,목5동,1147010200,목동
1147056000,서울특별시,양천구,양천구,신월1동,1147010300,신월동
1147057000,서울특별시,양천구,양천구,신월2동,1147010300,신월동
1147058000,서울특별시,양천구,양천구,신월3동,1147010300,신월동
1147059000,서울특별시,양천구,양천구,신월4동,1147010300,신월동
1147060000,서울특별시,양천구,양천구,신월5동,1147010300,신월동
1147061000,서울특별시,양천구,양천구,신월6동,1147010300,신월동
1147061100,서울특별시,양천구,양천구,신월7동,1147010300,신월동
1147062000,서울특별시,양천구,양천구,신정1동,1147010100,신정동
1147063000,서울특별시,양천구,양천구,신정2동,1147010100,신정동
1147064000,서울특별시,양천구,양천구,신정3동,1147010100,신정동
1147065000,서울특별시,양천구,양천구,신정4동,1147010100,신정동
1147067000,서울특별시,양천구,양천구,신정6동,1147010100,신정동
1147068000,서울특별시,양천구,양천구,신정7동,1147010100,신정동
1150051000,서울특별시,강서구,강서구,염창동,1150010100,염창동
1150051000,서울특별시,강서구,강서구,염창동,1150010400,가양동
1150059000,서울특별시,강서구,강서구,화곡본동,1150010300,화곡동
1150061500,서울특별시,강서구,강서구,우장산동,1150010300,화곡동
1150061500,서울특별시,강서구,강서구,우장산동,1150010600,내발산동
1150062000,서울특별시,강서구,강서구,공항동,1150010500,마곡동
1150062000,서울특별시,강서구,강서구,공항동,1150010800,공항동
1150062000,서울특별시,강서구,강서구,공항동,1150010900,방화동
1150062000,서울특별시,강서구,강서구,공항동,1150011100,과해동
1150062000,서울특별시,강서구,강서구,공항동,1150011200,오곡동
1150062000,서울특별시,강서구,강서구,공항동,1150011300,오쇠동
1153051000,서울특별시,구로구,구로구,신도림동,1153010100,신도림동
1153059500,서울특별시,구로구,구로구,가리봉동,1153010300,가리봉동
1153079000,서울특별시,구로구,구로구,수궁동,1153010900,궁동
1153079000,서울특별시,구로구,구로구,수궁동,1153011000,온수동
1153080000,서울특별시,구로구,구로구,항동,1153011200,항동
1154551000,서울특별시,금천구,금천구,가산동,1154510100,가산동
1156051500,서울특별시,영등포구,영등포구,영등포본동,1156010100,영등포동
1156051500,서울특별시,영등포구,영등포구,영등포본동,1156013200,신길동
1156053500,서울특별시,영등포구,영등포구,영등포동,1156010100,영등포동
1156053500,서울특별시,영등포구,영등포구,영등포동,1156010200,영등포동1가
1156053500,서울특별시,영등포구,영등포구,영등포동,1156010300,영등포동2가
1156053500,서울특별시,영등포구,영등포구,영등포동,1156010400,영등포동3가
1156053500,서울특별시,영등포구,영등포구,영등포동,1156010500,영등포동4가
1156053500,서울특별시,영등포구,영등포구,영등포동,1156010600,영등포동5가
1156053500,서울특별시,영등포구,영등포구,영등포동,1156010700,영등포동6가
1156053500,서울특별시,영등포구,영등포구,영등포동,1156010800,영등포동7가
1156053500,서울특별시,영등포구,영등포구,영등포동,1156010900,영등포동8가
1156054000,서울특별시,영등포구,영등포구,여의동,1156011000,여의도동
1156058500,서울특별시,영등포구,영등포구,도림동,1156011800,도림동
1156060500,서울특별시,영등포구,영등포구,문래동,1156011900,문래동1가
1156060500,서울특별시,영등포구,영등포구,문래동,1156012000,문래동2가
1156060500,서울특별시,영등포구,영등포구,문래동,1156012100,문래동3가
1156060500,서울특별시,영등포구,영등포구,문래동,1156012200,문래동4가
1156060500,서울특별시,영등포구,영등포구,문래동,1156012300,문래동5가
1156060500,서울특별시,영등포구,영등포구,문래동,1156012400,문래동6가
1159060500,서울특별시,동작구,동작구,흑석동,1159010500,흑석동
1159066000,서울특별시,동작구,동작구,대방동,1159010800,대방동
1162052500,서울특별시,관악구,관악구,보라매동,1162010100,봉천동
1162054500,서울특별시,관악구,관악구,청림동,1162010100,봉천동
1162056500,서울특별시,관악구,관악구,성현동,1162010100,봉천동
1162057500,서울특별시,관악구,관악구,행운동,1162010100,봉천동
1162058500,서울특별시,관악구,관악구,낙성대동,1162010100,봉천동
1162059500,서울특별시,관악구,관악구,청룡동,1162010100,봉천동
1162060500,서울특별시,관악구,관악구,은천동,1162010100,봉천동
1162061500,서울특별시,관악구,관악구,중앙동,1162010100,봉천동
1162062500,서울특별시,관악구,관악구,인헌동,1162010100,봉천동
1162063000,서울특별시,관악구,관악구,남현동,1162010300,남현동
1162064500,서울특별시,관악구,관악구,서원동,1162010200,신림동
1162065500,서울특별시,관악구,관악구,신원동,1162010200,신림동
1162066500,서울특별시,관악구,관악구,서림동,1162010200,신림동
1162069500,서울특별시,관악구,관악구,신림동,1162010200,신림동
1162071500,서울특별시,관악구,관악구,난향동,1162010200,신림동
1162072500,서울특별시,관악구,관악구,조원동,1162010200,신림동
1162073500,서울특별시,관악구,관악구,대학동,1162010200,신림동
1162074500,서울특별시,관악구,관악구,삼성동,1162010200,신림동
1162076500,서울특별시,관악구,관악구,미성동,1162010200,신림동
1162077500,서울특별시,관악구,관악구,난곡동,1162010200,신림동
1165051000,서울특별시,서초구,서초구,서초1동,1165010800,서초동
1165052000,서울특별시,서초구,서초구,서초2동,1165010800,서초동
1165053000,서울특별시,서초구,서초구,서초3동,1165010100,방배동
1165053000,서울특별시,서초구,서초구,서초3동,1165010800,서초동
1165053100,서울특별시,서초구,서초구,서초4동,1165010800,서초동
1165054000,서울특별시,서초구,서초구,잠원동,1165010600,잠원동
1165054000,서울특별시,서초구,서초구,잠원동,1165010700,반포동
1165054000,서울특별시,서초구,서초구,잠원동,1165011300,신사동
1165055000,서울특별시,서초구,서초구,반포본동,1165010700,반포동
1165056000,서울특별시,서초구,서초구,반포1동,1165010700,반포동
1165056000,서울특별시,서초구,서초구,반포1동,1165010800,서초동
1165057000,서울특별시,서초구,서초구,반포2동,1165010700,반포동
1165058000,서울특별시,서초구,서초구,반포3동,1165010600,잠원동
1165058000,서울특별시,서초구,서초구,반포3동,1165010700,반포동
1165058100,서울특별시,서초구,서초구,반포4동,1165010700,반포동
1165058100,서울특별시,서초구,서초구,반포4동,1165010800,서초동
1165059000,서울특별시,서초구,서초구,방배본동,1165010100,방배동
1165060000,서울특별시,서초구,서초구,방배1동,1165010100,방배동
1165061000,서울특별시,서초구,서초구,방배2동,1165010100,방배동
1165062000,서울특별시,서초구,서초구,방배3동,1165010100,방배동
1165062100,서울특별시,서초구,서초구,방배4동,1165010100,방배동
1165065100,서울특별시,서초구,서초구,양재1동,1165010200,양재동
1165065100,서울특별시,서초구,서초구,양재1동,1165010300,우면동
1165065200,서울특별시,서초구,서초구,양재2동,1165010200,양재동
1165065200,서울특별시,서초구,서초구,양재2동,1165010400,원지동
1165066000,서울특별시,서초구,서초구,내곡동,1165010900,내곡동
1165066000,서울특별시,서초구,서초구,내곡동,1165011000,염곡동
1165066000,서울특별시,서초구,서초구,내곡동,1165011100,신원동
1168001100,서울특별시,강남구,강남구,압구정동,1168010700,신사동
1168050100,서울특별시,강남구,강남구,압구정동,1168011000,압구정동
1168054500,서울특별시,강남구,강남구,압구정동,1168010700,신사동
1168054500,서울특별시,강남구,강남구,압구정동,1168011000,압구정동
1168050200,서울특별시,강남구,강남구,청담동,1168010400,청담동
1168050200,서울특별시,강남구,강남구,청담동,1168011000,압구정동
1168056500,서울특별시,강남구,강남구,청담동,1168010400,청담동
1168052100,서울특별시,강남구,강남구,논현1동,1168010800,논현동
1168053100,서울특별시,강남구,강남구,논현2동,1168010800,논현동
1168058000,서울특별시,강남구,강남구,삼성1동,1168010500,삼성동
1168059000,서울특별시,강남구,강남구,삼성2동,1168010500,삼성동
1168060000,서울특별시,강남구,강남구,대치1동,1168010600,대치동
1168060000,서울특별시,강남구,강남구,대치1동,1168011800,도곡동
1168061000,서울특별시,강남구,강남구,대치2동,1168010600,대치동
1168063000,서울특별시,강남구,강남구,대치4동,1168010600,대치동
1168064000,서울특별시,강남구,강남구,역삼1동,1168010100,역삼동
1168065000,서울특별시,강남구,강남구,역삼2동,1168010100,역삼동
1168065500,서울특별시,강남구,강남구,도곡1동,1168011800,도곡동
1168065600,서울특별시,강남구,강남구,도곡2동,1168011800,도곡동
1168067000,서울특별시,강남구,강남구,개포2동,1168010300,개포동
1168067000,서울특별시,강남구,강남구,개포2동,1168011400,일원동
1168069000,서울특별시,강남구,강남구,개포4동,1168010200,포이동
1168069000,서울특별시,강남구,강남구,개포4동,1168010300,개포동
1168070000,서울특별시,강남구,강남구,세곡동,1168011100,세곡동
1168070000,서울특별시,강남구,강남구,세곡동,1168011200,자곡동
1168070000,서울특별시,강남구,강남구,세곡동,1168011300,율현동
1168072000,서울특별시,강남구,강남구,일원본동,1168011400,일원동
1168072000,서울특별시,강남구,강남구,일원본동,1168011500,수서동
1168073000,서울특별시,강남구,강남구,일원1동,1168011400,일원동
1168073000,서울특별시,강남구,강남구,일원1동,1168011500,수서동
1168074000,서울특별시,강남구,강남구,일원2동,1168010300,개포동
1168074000,서울특별시,강남구,강남구,일원2동,1168010600,대치동
1168074000,서울특별시,강남구,강남구,일원2동,1168011400,일원동
1168075000,서울특별시,강남구,강남구,수서동,1168011500,수서동
1171051000,서울특별시,송파구,송파구,풍납1동,1171010300,풍납동
1171052000,서울특별시,송파구,송파구,풍납2동,1171010300,풍납동
1171053100,서울특별시,송파구,송파구,거여1동,1171011300,거여동
1171053200,서울특별시,송파구,송파구,거여2동,1171011300,거여동
1171054000,서울특별시,송파구,송파구,마천1동,1171011400,마천동
1171055000,서울특별시,송파구,송파구,마천2동,1171011400,마천동
1171056100,서울특별시,송파구,송파구,방이1동,1171011100,방이동
1171056200,서울특별시,송파구,송파구,방이2동,1171011100,방이동
1171056600,서울특별시,송파구,송파구,오륜동,1171011100,방이동
1171057000,서울특별시,송파구,송파구,오금동,1171011200,오금동
1171058000,서울특별시,송파구,송파구,송파1동,1171010400,송파동
1171059000,서울특별시,송파구,송파구,송파2동,1171010400,송파동
1171060000,서울특별시,송파구,송파구,석촌동,1171010500,석촌동
1171060000,서울특별시,송파구,송파구,석촌동,1171010600,삼전동
1171061000,서울특별시,송파구,송파구,삼전동,1171010600,삼전동
1171062000,서울특별시,송파구,송파구,가락본동,1171010700,가락동
1171063100,서울특별시,송파구,송파구,가락1동,1171010700,가락동
1171063200,서울특별시,송파구,송파구,가락2동,1171010700,가락동
1171064100,서울특별시,송파구,송파구,문정1동,1171010800,문정동
1171064100,서울특별시,송파구,송파구,문정1동,1171010900,장지동
1171064200,서울특별시,송파구,송파구,문정2동,1171010800,문정동
1171064200,서울특별시,송파구,송파구,문정2동,1171010900,장지동
1171064600,서울특별시,송파구,송파구,장지동,1171010800,문정동
1171064600,서울특별시,송파구,송파구,장지동,1171010900,장지동
1171064700,서울특별시,송파구,송파구,위례동,1171010800,문정동
1171064700,서울특별시,송파구,송파구,위례동,1171010900,장지동
1171064700,서울특별시,송파구,송파구,위례동,1171011300,거여동
1171065000,서울특별시,송파구,송파구,잠실본동,1171010100,잠실동
1171067000,서울특별시,송파구,송파구,잠실2동,1171010100,잠실동
1171068000,서울특별시,송파구,송파구,잠실3동,1171010100,잠실동
1171069000,서울특별시,송파구,송파구,잠실4동,1171010200,신천동
1171071000,서울특별시,송파구,송파구,잠실6동,1171010200,신천동
1174051500,서울특별시,강동구,강동구,강일동,1174010300,상일동
1174051500,서울특별시,강동구,강동구,강일동,1174010400,하일동
1174051500,서울특별시,강동구,강동구,강일동,1174011000,강일동
1174052000,서울특별시,강동구,강동구,상일동,1174010300,상일동
1174068500,서울특별시,강동구,강동구,길동,1174010500,길동
