자치구,행정동,만0~2세_인구수,만3~5세_인구수,만0~2세_국공립,만0~2세_가정,만0~2세_민간,만0~2세_기타,만3~5세_국공립,만3~5세_가정,만3~5세_민간,만3~5세_기타,만3~5세_유치원,만0~2세_어린이집,만3~5세_어린이집,만0~2세_가정보육,만3~5세_가정보육,만0~2세_어린이집_이용률,만0~2세_국공립_이용률,만0~2세_가정_이용률,만0~2세_민간_이용률,만0~2세_기타_이용률,만3~5세_어린이집_이용률,만3~5세_국공립_이용률,만3~5세_가정_이용률,만3~5세_민간_이용률,만3~5세_기타_이용률,만3~5세_유치원_이용률
강남구,개포1동,43,120,0,0,15,0,0,0,6,0,17,15,6,28,97,0.3488372093023256,0.0,0.0,0.3488372093023256,0.0,0.05,0.0,0.0,0.05,0.0,0.14166666666666666
강남구,개포2동,421,481,79,50,0,0,78,0,0,0,182,129,78,292,221,0.30641330166270786,0.1876484560570071,0.1187648456057007,0.0,0.0,0.16216216216216217,0.16216216216216217,0.0,0.0,0.0,0.3783783783783784
강남구,개포4동,404,479,172,43,78,17,114,0,103,26,102,310,243,94,134,0.7673267326732673,0.42574257425742573,0.10643564356435643,0.19306930693069307,0.04207920792079208,0.5073068893528184,0.23799582463465555,0.0,0.2150313152400835,0.054279749478079335,0.21294363256784968
강남구,논현1동,205,231,62,17,12,0,60,0,51,0,42,91,111,114,78,0.44390243902439025,0.3024390243902439,0.08292682926829269,0.05853658536585366,0.0,0.4805194805194805,0.2597402597402597,0.0,0.22077922077922077,0.0,0.18181818181818182
강남구,논현2동,275,359,56,0,31,12,48,0,0,7,84,99,55,176,220,0.36,0.20363636363636364,0.0,0.11272727272727273,0.04363636363636364,0.1532033426183844,0.13370473537604458,0.0,0.0,0.019498607242339833,0.233983286908078
강남구,대치1동,159,427,62,0,123,0,37,0,12,0,120,185,49,0,258,1.0,0.389937106918239,0.0,0.7735849056603774,0.0,0.11475409836065574,0.08665105386416862,0.0,0.02810304449648712,0.0,0.2810304449648712
강남구,대치2동,279,474,151,34,0,50,113,0,0,43,60,235,156,44,258,0.8422939068100358,0.5412186379928315,0.12186379928315412,0.0,0.17921146953405018,0.3291139240506329,0.23839662447257384,0.0,0.0,0.09071729957805907,0.12658227848101267
강남구,대치4동,157,196,81,22,48,78,87,0,71,87,53,229,245,0,0,1.0,0.5159235668789809,0.14012738853503184,0.3057324840764331,0.4968152866242038,1.0,0.44387755102040816,0.0,0.3622448979591837,0.44387755102040816,0.27040816326530615
강남구,도곡1동,313,463,38,55,42,0,55,0,9,0,189,135,64,178,210,0.43130990415335463,0.12140575079872204,0.1757188498402556,0.134185303514377,0.0,0.13822894168466524,0.11879049676025918,0.0,0.019438444924406047,0.0,0.408207343412527
강남구,도곡2동,477,797,87,20,42,0,96,0,0,0,265,149,96,328,436,0.31236897274633124,0.18238993710691823,0.041928721174004195,0.0880503144654088,0.0,0.12045169385194479,0.12045169385194479,0.0,0.0,0.0,0.3324968632371393
강남구,삼성1동,204,276,84,0,47,37,92,0,8,30,144,168,130,36,2,0.8235294117647058,0.4117647058823529,0.0,0.23039215686274508,0.18137254901960784,0.47101449275362317,0.3333333333333333,0.0,0.028985507246376812,0.10869565217391304,0.5217391304347826
강남구,삼성2동,463,689,103,49,108,58,37,0,150,67,76,318,254,145,359,0.6868250539956804,0.2224622030237581,0.10583153347732181,0.23326133909287258,0.12526997840172785,0.3686502177068215,0.05370101596516691,0.0,0.21770682148040638,0.09724238026124818,0.11030478955007257
강남구,세곡동,837,1144,318,159,84,29,322,0,17,12,479,590,351,247,314,0.7048984468339307,0.37992831541218636,0.18996415770609318,0.1003584229390681,0.03464755077658303,0.3068181818181818,0.28146853146853146,0.0,0.01486013986013986,0.01048951048951049,0.4187062937062937
강남구,수서동,243,212,100,31,66,25,61,0,45,27,576,222,133,21,0,0.9135802469135802,0.411522633744856,0.12757201646090535,0.2716049382716049,0.102880658436214,0.6273584905660378,0.28773584905660377,0.0,0.21226415094339623,0.12735849056603774,1.0
강남구,신사동,182,318,100,1,34,0,98,0,0,0,86,135,98,47,134,0.7417582417582418,0.5494505494505495,0.005494505494505495,0.18681318681318682,0.0,0.3081761006289308,0.3081761006289308,0.0,0.0,0.0,0.27044025157232704
강남구,압구정동,438,630,112,12,0,28,60,0,0,38,84,152,98,286,448,0.3470319634703196,0.2557077625570776,0.0273972602739726,0.0,0.0639269406392694,0.15555555555555556,0.09523809523809523,0.0,0.0,0.06031746031746032,0.13333333333333333
강남구,역삼1동,294,333,27,16,32,109,23,0,71,75,34,184,169,110,130,0.6258503401360545,0.09183673469387756,0.05442176870748299,0.10884353741496598,0.3707482993197279,0.5075075075075075,0.06906906906906907,0.0,0.2132132132132132,0.22522522522522523,0.1021021021021021
강남구,역삼2동,599,709,62,12,133,15,103,0,5,13,86,222,121,377,502,0.37061769616026713,0.10350584307178631,0.02003338898163606,0.22203672787979967,0.025041736227045076,0.17066290550070523,0.14527503526093088,0.0,0.007052186177715092,0.018335684062059238,0.12129760225669958
강남구,일원1동,172,233,55,15,63,43,43,0,84,9,52,176,136,0,45,1.0,0.31976744186046513,0.0872093023255814,0.36627906976744184,0.25,0.5836909871244635,0.18454935622317598,0.0,0.3605150214592275,0.03862660944206009,0.22317596566523606
강남구,일원2동,300,378,91,28,33,16,97,0,0,31,173,168,128,132,77,0.56,0.30333333333333334,0.09333333333333334,0.11,0.05333333333333334,0.3386243386243386,0.2566137566137566,0.0,0.0,0.082010582010582,0.4576719576719577
강남구,일원본동,349,604,125,52,77,65,112,0,71,125,244,319,308,30,52,0.9140401146131805,0.35816618911174786,0.1489971346704871,0.22063037249283668,0.18624641833810887,0.5099337748344371,0.18543046357615894,0.0,0.11754966887417219,0.20695364238410596,0.40397350993377484
강남구,청담동,443,688,95,0,39,26,86,0,11,22,232,160,119,283,337,0.3611738148984199,0.2144469525959368,0.0,0.08803611738148984,0.05869074492099323,0.17296511627906977,0.125,0.0,0.015988372093023256,0.03197674418604651,0.3372093023255814
강동구,강일동,741,874,307,239,124,0,284,0,18,0,609,670,302,71,0,0.9041835357624831,0.4143049932523617,0.3225371120107962,0.16734143049932523,0.0,0.34553775743707094,0.32494279176201374,0.0,0.020594965675057208,0.0,0.6967963386727689
강동구,고덕1동,534,864,93,93,81,0,191,0,49,0,239,267,240,267,385,0.5,0.17415730337078653,0.17415730337078653,0.15168539325842698,0.0,0.2777777777777778,0.22106481481481483,0.0,0.056712962962962965,0.0,0.27662037037037035
강동구,고덕2동,612,830,136,74,72,0,202,0,52,0,148,282,254,330,428,0.46078431372549017,0.2222222222222222,0.12091503267973856,0.11764705882352941,0.0,0.3060240963855422,0.2433734939759036,0.0,0.06265060240963856,0.0,0.1783132530120482
강동구,길동,657,795,107,14,182,14,80,0,313,52,455,317,445,340,0,0.4824961948249619,0.1628614916286149,0.0213089802130898,0.2770167427701674,0.0213089802130898,0.559748427672956,0.10062893081761007,0.0,0.3937106918238994,0.06540880503144654,0.5723270440251572
강동구,둔촌2동,440,551,104,66,58,27,71,0,64,55,140,255,190,185,221,0.5795454545454546,0.23636363636363636,0.15,0.1318181818181818,0.06136363636363636,0.3448275862068966,0.12885662431941924,0.0,0.1161524500907441,0.0998185117967332,0.2540834845735027
강동구,명일1동,578,630,90,140,35,0,143,0,161,0,60,265,304,313,266,0.458477508650519,0.15570934256055363,0.2422145328719723,0.06055363321799308,0.0,0.48253968253968255,0.22698412698412698,0.0,0.25555555555555554,0.0,0.09523809523809523
강동구,명일2동,179,290,30,76,73,10,33,0,8,11,407,189,52,0,0,1.0,0.16759776536312848,0.4245810055865922,0.40782122905027934,0.055865921787709494,0.1793103448275862,0.11379310344827587,0.0,0.027586206896551724,0.03793103448275862,1.0
강동구,성내1동,425,488,134,50,107,24,118,0,109,34,137,315,261,110,90,0.7411764705882353,0.31529411764705884,0.11764705882352941,0.25176470588235295,0.05647058823529412,0.5348360655737705,0.24180327868852458,0.0,0.22336065573770492,0.06967213114754098,0.2807377049180328
강동구,성내2동,316,352,76,22,133,0,99,0,150,0,0,231,249,85,103,0.7310126582278481,0.24050632911392406,0.06962025316455696,0.4208860759493671,0.0,0.7073863636363636,0.28125,0.0,0.42613636363636365,0.0,0.0
강동구,성내3동,376,417,105,44,97,0,103,0,171,0,421,246,274,130,0,0.6542553191489362,0.27925531914893614,0.11702127659574468,0.2579787234042553,0.0,0.657074340527578,0.24700239808153476,0.0,0.41007194244604317,0.0,1.0
강동구,암사1동,569,682,105,40,300,24,110,8,216,42,128,469,376,100,178,0.8242530755711776,0.18453427065026362,0.070298769771529,0.5272407732864675,0.0421792618629174,0.5513196480938416,0.16129032258064516,0.011730205278592375,0.31671554252199413,0.06158357771260997,0.187683284457478
강동구,암사2동,485,416,91,147,94,0,55,0,79,0,194,332,134,153,88,0.6845360824742268,0.18762886597938144,0.3030927835051546,0.19381443298969073,0.0,0.32211538461538464,0.13221153846153846,0.0,0.18990384615384615,0.0,0.46634615384615385
강동구,암사3동,389,603,98,60,23,9,162,0,42,8,227,190,212,199,164,0.4884318766066838,0.2519280205655527,0.15424164524421594,0.05912596401028278,0.02313624678663239,0.351575456053068,0.26865671641791045,0.0,0.06965174129353234,0.013266998341625208,0.37645107794361526
강동구,천호1동,381,473,134,77,124,0,85,0,216,0,72,335,301,46,100,0.8792650918635171,0.35170603674540685,0.2020997375328084,0.32545931758530183,0.0,0.6363636363636364,0.17970401691331925,0.0,0.45665961945031713,0.0,0.1522198731501057
강동구,천호2동,527,558,141,0,118,15,176,0,167,18,232,274,361,253,0,0.5199240986717267,0.2675521821631879,0.0,0.2239089184060721,0.028462998102466792,0.6469534050179212,0.3154121863799283,0.0,0.2992831541218638,0.03225806451612903,0.4157706093189964
강동구,천호3동,416,428,97,43,49,0,31,0,145,0,194,189,176,227,58,0.4543269230769231,0.23317307692307693,0.10336538461538461,0.11778846153846154,0.0,0.411214953271028,0.07242990654205607,0.0,0.338785046728972,0.0,0.4532710280373832
강북구,미아동,163,246,83,12,38,0,139,0,70,0,0,133,209,30,37,0.8159509202453987,0.50920245398773,0.0736196319018405,0.2331288343558282,0.0,0.8495934959349594,0.5650406504065041,0.0,0.2845528455284553,0.0,0.0
강북구,번1동,185,199,70,9,31,8,93,0,39,8,59,118,140,67,0,0.6378378378378379,0.3783783783783784,0.04864864864864865,0.16756756756756758,0.043243243243243246,0.7035175879396985,0.46733668341708545,0.0,0.19597989949748743,0.04020100502512563,0.2964824120603015
강북구,번2동,161,215,49,30,23,0,81,0,141,0,36,102,222,59,0,0.6335403726708074,0.30434782608695654,0.18633540372670807,0.14285714285714285,0.0,1.0,0.3767441860465116,0.0,0.6558139534883721,0.0,0.16744186046511628
강북구,번3동,212,278,46,41,37,19,25,0,108,30,34,143,163,69,81,0.6745283018867925,0.2169811320754717,0.19339622641509435,0.17452830188679244,0.08962264150943396,0.5863309352517986,0.08992805755395683,0.0,0.38848920863309355,0.1079136690647482,0.1223021582733813
강북구,삼각산동,554,876,274,36,93,0,49,0,315,0,120,403,364,151,392,0.7274368231046932,0.49458483754512633,0.06498194945848375,0.16787003610108303,0.0,0.4155251141552511,0.05593607305936073,0.0,0.3595890410958904,0.0,0.136986301369863
강북구,삼양동,314,404,130,51,23,8,144,0,44,17,269,212,205,102,0,0.6751592356687898,0.4140127388535032,0.1624203821656051,0.0732484076433121,0.025477707006369428,0.5074257425742574,0.3564356435643564,0.0,0.10891089108910891,0.04207920792079208,0.6658415841584159
강북구,송중동,383,472,168,7,82,0,184,0,124,0,308,257,308,126,0,0.6710182767624021,0.4386422976501306,0.018276762402088774,0.21409921671018275,0.0,0.652542372881356,0.3898305084745763,0.0,0.2627118644067797,0.0,0.652542372881356
강북구,송천동,241,333,72,22,56,0,64,0,103,0,34,150,167,91,132,0.6224066390041494,0.2987551867219917,0.0912863070539419,0.23236514522821577,0.0,0.5015015015015015,0.1921921921921922,0.0,0.30930930930930933,0.0,0.1021021021021021
강북구,수유1동,233,345,41,0,152,0,38,0,310,0,59,193,348,40,0,0.8283261802575107,0.1759656652360515,0.0,0.6523605150214592,0.0,1.0,0.11014492753623188,0.0,0.8985507246376812,0.0,0.17101449275362318
강북구,수유2동,251,344,52,11,112,0,43,0,253,0,234,175,296,76,0,0.6972111553784861,0.20717131474103587,0.043824701195219126,0.44621513944223107,0.0,0.8604651162790697,0.125,0.0,0.7354651162790697,0.0,0.6802325581395349
강북구,수유3동,204,273,12,0,110,16,12,0,114,27,39,138,153,66,81,0.6764705882352942,0.058823529411764705,0.0,0.5392156862745098,0.0784313725490196,0.5604395604395604,0.04395604395604396,0.0,0.4175824175824176,0.0989010989010989,0.14285714285714285
강북구,우이동,234,372,120,0,120,5,152,0,247,17,87,245,416,0,0,1.0,0.5128205128205128,0.0,0.5128205128205128,0.021367521367521368,1.0,0.40860215053763443,0.0,0.6639784946236559,0.0456989247311828,0.23387096774193547
강북구,인수동,326,491,139,7,20,4,156,0,21,10,147,170,187,156,157,0.5214723926380368,0.4263803680981595,0.02147239263803681,0.06134969325153374,0.012269938650306749,0.38085539714867617,0.31771894093686354,0.0,0.04276985743380855,0.020366598778004074,0.29938900203665986
강서구,가양1동,489,515,85,193,91,194,62,0,16,264,249,563,342,0,0,1.0,0.1738241308793456,0.3946830265848671,0.18609406952965235,0.3967280163599182,0.6640776699029126,0.1203883495145631,0.0,0.031067961165048542,0.512621359223301,0.48349514563106794
강서구,가양2동,158,158,75,106,35,0,101,0,30,0,193,216,131,0,0,1.0,0.47468354430379744,0.6708860759493671,0.22151898734177214,0.0,0.8291139240506329,0.6392405063291139,0.0,0.189873417721519,0.0,1.0
강서구,가양3동,316,234,54,51,58,0,30,0,33,0,370,163,63,153,0,0.5158227848101266,0.17088607594936708,0.16139240506329114,0.18354430379746836,0.0,0.2692307692307692,0.1282051282051282,0.0,0.14102564102564102,0.0,1.0
강서구,공항동,646,900,207,170,0,80,305,0,0,129,258,457,434,189,208,0.7074303405572755,0.3204334365325077,0.2631578947368421,0.0,0.1238390092879257,0.4822222222222222,0.3388888888888889,0.0,0.0,0.14333333333333334,0.2866666666666667
강서구,등촌1동,452,423,84,58,66,48,41,0,58,63,124,256,162,196,137,0.5663716814159292,0.18584070796460178,0.12831858407079647,0.14601769911504425,0.10619469026548672,0.3829787234042553,0.09692671394799054,0.0,0.13711583924349882,0.14893617021276595,0.29314420803782504
강서구,등촌2동,335,396,42,32,103,7,21,0,106,8,140,184,135,151,121,0.5492537313432836,0.1253731343283582,0.0955223880597015,0.3074626865671642,0.020895522388059702,0.3409090909090909,0.05303030303030303,0.0,0.2676767676767677,0.020202020202020204,0.35353535353535354
강서구,등촌3동,493,523,182,73,5,22,163,0,11,0,442,282,174,211,0,0.5720081135902637,0.3691683569979716,0.14807302231237324,0.010141987829614604,0.04462474645030426,0.3326959847036329,0.31166347992351817,0.0,0.021032504780114723,0.0,0.8451242829827916
강서구,발산1동,606,937,155,141,132,50,171,0,150,33,792,478,354,128,0,0.7887788778877888,0.25577557755775576,0.23267326732673269,0.21782178217821782,0.08250825082508251,0.37780149413020275,0.1824973319103522,0.0,0.16008537886872998,0.035218783351120594,0.8452508004268944
강서구,방화1동,844,1299,322,264,64,0,292,0,112,0,550,650,404,194,345,0.7701421800947867,0.3815165876777251,0.3127962085308057,0.07582938388625593,0.0,0.31100846805234794,0.22478829869130101,0.0,0.08622016936104696,0.0,0.42340261739799845
강서구,방화2동,300,367,52,64,75,32,101,0,115,33,301,223,249,77,0,0.7433333333333333,0.17333333333333334,0.21333333333333335,0.25,0.10666666666666667,0.6784741144414169,0.27520435967302453,0.0,0.3133514986376022,0.08991825613079019,0.8201634877384196
강서구,방화3동,391,424,55,61,141,0,61,0,167,0,218,257,228,134,0,0.6572890025575447,0.14066496163682865,0.15601023017902813,0.36061381074168797,0.0,0.5377358490566038,0.14386792452830188,0.0,0.3938679245283019,0.0,0.5141509433962265
강서구,염창동,976,1226,188,192,161,23,131,0,278,39,62,564,448,412,716,0.5778688524590164,0.19262295081967212,0.19672131147540983,0.16495901639344263,0.0235655737704918,0.36541598694942906,0.1068515497553018,0.0,0.2267536704730832,0.03181076672104405,0.05057096247960848
강서구,우장산동,647,1132,117,235,50,7,167,0,151,0,407,409,318,238,407,0.6321483771251932,0.18083462132921174,0.36321483771251933,0.07727975270479134,0.010819165378670788,0.28091872791519434,0.14752650176678445,0.0,0.1333922261484099,0.0,0.35954063604240283
강서구,화곡1동,914,908,88,106,224,0,167,0,298,0,83,418,465,496,360,0.4573304157549234,0.0962800875273523,0.11597374179431072,0.24507658643326038,0.0,0.512114537444934,0.183920704845815,0.0,0.32819383259911894,0.0,0.09140969162995595
강서구,화곡2동,289,362,108,40,18,0,206,0,12,0,151,166,218,123,0,0.5743944636678201,0.3737024221453287,0.1384083044982699,0.06228373702422145,0.0,0.6022099447513812,0.569060773480663,0.0,0.03314917127071823,0.0,0.4171270718232044
강서구,화곡3동,311,418,94,57,44,18,64,0,100,72,148,213,236,98,34,0.684887459807074,0.3022508038585209,0.1832797427652733,0.1414790996784566,0.05787781350482315,0.5645933014354066,0.15311004784688995,0.0,0.23923444976076555,0.1722488038277512,0.35406698564593303
강서구,화곡4동,318,339,41,62,88,22,74,0,141,16,157,213,231,105,0,0.6698113207547169,0.1289308176100629,0.1949685534591195,0.27672955974842767,0.06918238993710692,0.6814159292035398,0.2182890855457227,0.0,0.415929203539823,0.0471976401179941,0.4631268436578171
강서구,화곡6동,335,420,49,12,124,28,44,0,110,30,225,213,184,122,11,0.6358208955223881,0.14626865671641792,0.03582089552238806,0.3701492537313433,0.08358208955223881,0.4380952380952381,0.10476190476190476,0.0,0.2619047619047619,0.07142857142857142,0.5357142857142857
강서구,화곡8동,369,413,100,93,167,5,71,0,193,12,113,365,276,4,24,0.989159891598916,0.27100271002710025,0.25203252032520324,0.45257452574525747,0.013550135501355014,0.6682808716707022,0.17191283292978207,0.0,0.46731234866828086,0.029055690072639227,0.2736077481840194
강서구,화곡본동,536,697,93,78,240,17,140,0,383,35,190,428,558,108,0,0.7985074626865671,0.17350746268656717,0.1455223880597015,0.44776119402985076,0.03171641791044776,0.8005738880918221,0.20086083213773315,0.0,0.5494978479196556,0.05021520803443329,0.27259684361549497
관악구,낙성대동,160,214,113,20,66,8,113,0,80,58,0,207,251,0,0,1.0,0.70625,0.125,0.4125,0.05,1.0,0.5280373831775701,0.0,0.37383177570093457,0.27102803738317754,0.0
관악구,난곡동,312,411,97,14,51,0,158,0,59,0,233,162,217,150,0,0.5192307692307693,0.3108974358974359,0.04487179487179487,0.16346153846153846,0.0,0.5279805352798054,0.3844282238442822,0.0,0.1435523114355231,0.0,0.5669099756690997
관악구,난향동,245,370,63,73,22,0,77,0,104,0,122,158,181,87,67,0.6448979591836734,0.2571428571428571,0.2979591836734694,0.08979591836734693,0.0,0.4891891891891892,0.20810810810810812,0.0,0.2810810810810811,0.0,0.32972972972972975
관악구,남현동,275,335,23,27,27,57,27,0,0,61,163,134,88,141,84,0.48727272727272725,0.08363636363636363,0.09818181818181818,0.09818181818181818,0.20727272727272728,0.2626865671641791,0.08059701492537313,0.0,0.0,0.18208955223880596,0.48656716417910445
관악구,대학동,188,188,25,38,23,126,11,0,9,167,77,212,187,0,0,1.0,0.13297872340425532,0.20212765957446807,0.12234042553191489,0.6702127659574468,0.9946808510638298,0.05851063829787234,0.0,0.047872340425531915,0.8882978723404256,0.4095744680851064
관악구,미성동,377,540,119,36,120,0,201,0,32,0,123,275,233,102,184,0.7294429708222812,0.3156498673740053,0.09549071618037135,0.3183023872679045,0.0,0.43148148148148147,0.37222222222222223,0.0,0.05925925925925926,0.0,0.22777777777777777
관악구,보라매동,294,407,139,18,76,12,214,0,187,8,43,245,409,49,0,0.8333333333333334,0.47278911564625853,0.061224489795918366,0.2585034013605442,0.04081632653061224,1.0,0.5257985257985258,0.0,0.4594594594594595,0.019656019656019656,0.10565110565110565
관악구,삼성동,193,293,114,1,18,0,165,0,23,0,179,133,188,60,0,0.689119170984456,0.5906735751295337,0.0051813471502590676,0.09326424870466321,0.0,0.6416382252559727,0.5631399317406144,0.0,0.07849829351535836,0.0,0.6109215017064846
관악구,서림동,201,266,53,48,12,2,87,0,24,0,59,115,111,86,96,0.572139303482587,0.263681592039801,0.23880597014925373,0.05970149253731343,0.009950248756218905,0.41729323308270677,0.32706766917293234,0.0,0.09022556390977443,0.0,0.22180451127819548
관악구,서원동,201,203,115,32,62,2,143,0,93,0,0,211,236,0,0,1.0,0.572139303482587,0.15920398009950248,0.30845771144278605,0.009950248756218905,1.0,0.7044334975369458,0.0,0.458128078817734,0.0,0.0
관악구,성현동,451,603,118,101,48,0,64,0,118,0,392,267,182,184,29,0.5920177383592018,0.2616407982261641,0.22394678492239467,0.10643015521064302,0.0,0.3018242122719735,0.10613598673300166,0.0,0.1956882255389718,0.0,0.6500829187396352
관악구,신림동,125,119,48,0,30,0,75,0,0,0,0,78,75,47,44,0.624,0.384,0.0,0.24,0.0,0.6302521008403361,0.6302521008403361,0.0,0.0,0.0,0.0
관악구,신사동,205,264,68,7,54,0,78,0,117,0,100,129,195,76,0,0.6292682926829268,0.33170731707317075,0.03414634146341464,0.2634146341463415,0.0,0.7386363636363636,0.29545454545454547,0.0,0.4431818181818182,0.0,0.3787878787878788
관악구,신원동,158,179,39,0,54,0,61,0,62,0,56,93,123,65,0,0.5886075949367089,0.2468354430379747,0.0,0.34177215189873417,0.0,0.6871508379888268,0.3407821229050279,0.0,0.3463687150837989,0.0,0.3128491620111732
관악구,은천동,468,656,174,91,53,0,245,0,48,0,534,318,293,150,0,0.6794871794871795,0.3717948717948718,0.19444444444444445,0.11324786324786325,0.0,0.44664634146341464,0.37347560975609756,0.0,0.07317073170731707,0.0,0.8140243902439024
관악구,인헌동,311,319,89,37,73,8,65,0,96,58,253,207,219,104,0,0.6655948553054662,0.2861736334405145,0.1189710610932476,0.2347266881028939,0.02572347266881029,0.6865203761755486,0.20376175548589343,0.0,0.30094043887147337,0.18181818181818182,0.7931034482758621
관악구,조원동,160,216,64,42,53,0,153,0,42,0,0,159,195,1,21,0.99375,0.4,0.2625,0.33125,0.0,0.9027777777777778,0.7083333333333334,0.0,0.19444444444444445,0.0,0.0
관악구,중앙동,116,130,52,0,0,0,77,0,0,0,34,52,77,64,19,0.4482758620689655,0.4482758620689655,0.0,0.0,0.0,0.5923076923076923,0.5923076923076923,0.0,0.0,0.0,0.26153846153846155
관악구,청룡동,361,411,139,18,33,18,141,0,38,22,131,208,201,153,79,0.5761772853185596,0.3850415512465374,0.04986149584487535,0.09141274238227147,0.04986149584487535,0.48905109489051096,0.34306569343065696,0.0,0.09245742092457421,0.0535279805352798,0.31873479318734793
관악구,청림동,356,437,170,97,0,0,44,0,0,0,413,267,44,89,0,0.75,0.47752808988764045,0.27247191011235955,0.0,0.0,0.10068649885583524,0.10068649885583524,0.0,0.0,0.0,0.9450800915331807
관악구,행운동,337,358,185,58,73,10,157,0,76,34,356,326,267,11,0,0.9673590504451038,0.5489614243323442,0.17210682492581603,0.2166172106824926,0.02967359050445104,0.7458100558659218,0.43854748603351956,0.0,0.2122905027932961,0.09497206703910614,0.994413407821229
광진구,광장동,464,818,174,70,54,11,45,8,10,17,495,309,80,155,243,0.665948275862069,0.375,0.15086206896551724,0.11637931034482758,0.023706896551724137,0.097799511002445,0.0550122249388753,0.009779951100244499,0.012224938875305624,0.02078239608801956,0.6051344743276283
광진구,구의1동,256,266,56,0,107,0,71,0,107,0,129,163,178,93,0,0.63671875,0.21875,0.0,0.41796875,0.0,0.6691729323308271,0.2669172932330827,0.0,0.40225563909774437,0.0,0.4849624060150376
광진구,구의2동,440,548,66,43,123,28,75,0,88,33,57,260,196,180,295,0.5909090909090909,0.15,0.09772727272727273,0.27954545454545454,0.06363636363636363,0.35766423357664234,0.13686131386861314,0.0,0.16058394160583941,0.060218978102189784,0.10401459854014598
광진구,구의3동,489,574,131,123,41,0,99,0,19,0,187,295,118,194,269,0.6032719836400818,0.26789366053169733,0.25153374233128833,0.08384458077709611,0.0,0.20557491289198607,0.17247386759581881,0.0,0.033101045296167246,0.0,0.32578397212543553
광진구,군자동,221,276,92,19,48,2,101,0,53,4,209,161,158,60,0,0.7285067873303167,0.416289592760181,0.08597285067873303,0.2171945701357466,0.00904977375565611,0.572463768115942,0.36594202898550726,0.0,0.19202898550724637,0.014492753623188406,0.7572463768115942
광진구,능동,185,177,68,20,62,0,82,0,35,0,347,150,117,35,0,0.8108108108108109,0.3675675675675676,0.10810810810810811,0.33513513513513515,0.0,0.6610169491525424,0.4632768361581921,0.0,0.1977401129943503,0.0,1.0
광진구,자양1동,258,316,58,9,102,12,138,0,69,17,183,181,224,77,0,0.7015503875968992,0.2248062015503876,0.03488372093023256,0.3953488372093023,0.046511627906976744,0.7088607594936709,0.43670886075949367,0.0,0.21835443037974683,0.05379746835443038,0.5791139240506329
광진구,자양2동,399,492,86,61,89,0,80,0,57,0,242,236,137,163,113,0.5914786967418546,0.21553884711779447,0.15288220551378445,0.22305764411027568,0.0,0.2784552845528455,0.16260162601626016,0.0,0.11585365853658537,0.0,0.491869918699187
광진구,자양3동,561,724,94,82,151,0,126,0,87,0,244,327,213,234,267,0.5828877005347594,0.16755793226381463,0.14616755793226383,0.26916221033868093,0.0,0.2941988950276243,0.17403314917127072,0.0,0.12016574585635359,0.0,0.3370165745856354
광진구,자양4동,185,230,66,36,37,0,79,2,36,0,70,139,117,46,43,0.7513513513513513,0.3567567567567568,0.1945945945945946,0.2,0.0,0.508695652173913,0.34347826086956523,0.008695652173913044,0.1565217391304348,0.0,0.30434782608695654
광진구,중곡1동,232,245,47,16,0,0,65,0,0,0,0,63,65,169,180,0.27155172413793105,0.2025862068965517,0.06896551724137931,0.0,0.0,0.2653061224489796,0.2653061224489796,0.0,0.0,0.0,0.0
광진구,중곡2동,300,351,82,18,87,0,97,0,108,0,68,187,205,113,78,0.6233333333333333,0.2733333333333333,0.06,0.29,0.0,0.584045584045584,0.27635327635327633,0.0,0.3076923076923077,0.0,0.19373219373219372
광진구,중곡3동,212,227,106,0,154,0,106,0,194,0,169,260,300,0,0,1.0,0.5,0.0,0.7264150943396226,0.0,1.0,0.4669603524229075,0.0,0.8546255506607929,0.0,0.7444933920704846
광진구,중곡4동,396,463,54,32,130,0,29,0,204,0,138,216,233,180,92,0.5454545454545454,0.13636363636363635,0.08080808080808081,0.3282828282828283,0.0,0.5032397408207343,0.06263498920086392,0.0,0.4406047516198704,0.0,0.2980561555075594
광진구,화양동,88,121,38,23,15,0,38,6,40,0,17,76,84,12,20,0.8636363636363636,0.4318181818181818,0.26136363636363635,0.17045454545454544,0.0,0.6942148760330579,0.3140495867768595,0.049586776859504134,0.3305785123966942,0.0,0.14049586776859505
구로구,가리봉동,66,84,22,0,7,0,62,0,35,0,107,29,97,37,0,0.4393939393939394,0.3333333333333333,0.0,0.10606060606060606,0.0,1.0,0.7380952380952381,0.0,0.4166666666666667,0.0,1.0
구로구,개봉1동,635,690,213,95,114,19,259,0,271,49,99,441,579,194,12,0.694488188976378,0.3354330708661417,0.14960629921259844,0.1795275590551181,0.029921259842519685,0.8391304347826087,0.3753623188405797,0.0,0.3927536231884058,0.07101449275362319,0.14347826086956522
구로구,개봉2동,554,732,256,103,19,0,122,0,79,0,280,378,201,176,251,0.6823104693140795,0.4620938628158845,0.18592057761732853,0.03429602888086643,0.0,0.27459016393442626,0.16666666666666666,0.0,0.10792349726775956,0.0,0.3825136612021858
구로구,개봉3동,298,358,103,41,86,0,123,0,201,0,183,230,324,68,0,0.7718120805369127,0.34563758389261745,0.13758389261744966,0.28859060402684567,0.0,0.9050279329608939,0.3435754189944134,0.0,0.5614525139664804,0.0,0.5111731843575419
구로구,고척1동,320,405,111,133,82,31,108,0,199,71,204,357,378,0,0,1.0,0.346875,0.415625,0.25625,0.096875,0.9333333333333333,0.26666666666666666,0.0,0.49135802469135803,0.17530864197530865,0.5037037037037037
구로구,고척2동,374,553,129,115,104,14,140,0,187,29,39,362,356,12,158,0.9679144385026738,0.3449197860962567,0.3074866310160428,0.27807486631016043,0.0374331550802139,0.64376130198915,0.25316455696202533,0.0,0.33815551537070526,0.05244122965641953,0.0705244122965642
구로구,구로1동,460,590,83,159,27,22,101,0,0,101,181,291,202,169,207,0.6326086956521739,0.18043478260869567,0.3456521739130435,0.058695652173913045,0.04782608695652174,0.3423728813559322,0.1711864406779661,0.0,0.0,0.1711864406779661,0.30677966101694915
구로구,구로2동,226,249,105,72,105,41,169,5,209,34,0,323,417,0,0,1.0,0.4646017699115044,0.3185840707964602,0.4646017699115044,0.18141592920353983,1.0,0.678714859437751,0.020080321285140562,0.8393574297188755,0.13654618473895583,0.0
구로구,구로3동,340,413,162,50,49,84,165,0,11,95,163,345,271,0,0,1.0,0.4764705882352941,0.14705882352941177,0.14411764705882352,0.24705882352941178,0.6561743341404358,0.39951573849878935,0.0,0.026634382566585957,0.23002421307506055,0.3946731234866828
구로구,구로4동,247,255,89,99,18,0,165,0,68,0,117,206,233,41,0,0.8340080971659919,0.3603238866396761,0.4008097165991903,0.0728744939271255,0.0,0.9137254901960784,0.6470588235294118,0.0,0.26666666666666666,0.0,0.4588235294117647
구로구,구로5동,571,587,72,142,124,24,146,0,88,43,0,362,277,209,310,0.6339754816112084,0.12609457092819615,0.2486865148861646,0.2171628721541156,0.04203152364273205,0.47189097103918226,0.24872231686541738,0.0,0.14991482112436116,0.07325383304940375,0.0
구로구,수궁동,384,417,43,45,124,20,124,0,184,14,59,232,322,152,36,0.6041666666666666,0.11197916666666667,0.1171875,0.3229166666666667,0.052083333333333336,0.7721822541966427,0.2973621103117506,0.0,0.4412470023980815,0.03357314148681055,0.14148681055155876
구로구,신도림동,888,1135,184,245,174,24,88,0,171,43,424,627,302,261,409,0.706081081081081,0.2072072072072072,0.2759009009009009,0.19594594594594594,0.02702702702702703,0.26607929515418505,0.07753303964757709,0.0,0.15066079295154186,0.03788546255506608,0.373568281938326
구로구,오류1동,427,366,97,106,43,23,160,0,76,32,276,269,268,158,0,0.629976580796253,0.22716627634660422,0.24824355971896955,0.10070257611241218,0.053864168618266976,0.73224043715847,0.4371584699453552,0.0,0.20765027322404372,0.08743169398907104,0.7540983606557377
구로구,오류2동,616,867,288,165,88,31,333,0,98,36,504,572,467,44,0,0.9285714285714286,0.4675324675324675,0.26785714285714285,0.14285714285714285,0.05032467532467533,0.538638985005767,0.38408304498269896,0.0,0.11303344867358708,0.04152249134948097,0.5813148788927336
구로구,항동,853,1019,264,153,0,0,393,0,0,0,175,417,393,436,451,0.488862837045721,0.3094958968347011,0.17936694021101993,0.0,0.0,0.3856722276741904,0.3856722276741904,0.0,0.0,0.0,0.1717369970559372
금천구,가산동,220,237,108,21,67,91,48,0,46,185,211,287,279,0,0,1.0,0.4909090909090909,0.09545454545454546,0.30454545454545456,0.41363636363636364,1.0,0.20253164556962025,0.0,0.1940928270042194,0.7805907172995781,0.890295358649789
금천구,독산1동,956,1070,330,104,76,88,275,0,105,45,234,598,425,358,411,0.6255230125523012,0.34518828451882844,0.1087866108786611,0.0794979079497908,0.09205020920502092,0.397196261682243,0.2570093457943925,0.0,0.09813084112149532,0.04205607476635514,0.21869158878504674
금천구,독산2동,217,276,92,23,95,0,185,2,162,0,76,210,349,7,0,0.967741935483871,0.423963133640553,0.10599078341013825,0.4377880184331797,0.0,1.0,0.6702898550724637,0.007246376811594203,0.5869565217391305,0.0,0.2753623188405797
금천구,독산3동,240,343,77,13,77,11,136,0,76,26,149,178,238,62,0,0.7416666666666667,0.32083333333333336,0.05416666666666667,0.32083333333333336,0.04583333333333333,0.6938775510204082,0.3965014577259475,0.0,0.22157434402332363,0.07580174927113703,0.43440233236151604
금천구,독산4동,164,203,78,2,85,0,107,0,125,0,30,165,232,0,0,1.0,0.47560975609756095,0.012195121951219513,0.5182926829268293,0.0,1.0,0.5270935960591133,0.0,0.6157635467980296,0.0,0.1477832512315271
금천구,시흥1동,480,591,152,95,37,40,120,0,85,45,120,324,250,156,221,0.675,0.31666666666666665,0.19791666666666666,0.07708333333333334,0.08333333333333333,0.4230118443316413,0.20304568527918782,0.0,0.14382402707275804,0.07614213197969544,0.20304568527918782
금천구,시흥2동,302,496,173,65,0,23,99,0,0,146,399,261,245,41,0,0.8642384105960265,0.5728476821192053,0.2152317880794702,0.0,0.076158940397351,0.4939516129032258,0.19959677419354838,0.0,0.0,0.29435483870967744,0.8044354838709677
금천구,시흥3동,136,167,52,0,16,9,85,0,15,15,0,77,115,59,52,0.5661764705882353,0.38235294117647056,0.0,0.11764705882352941,0.0661764705882353,0.688622754491018,0.5089820359281437,0.0,0.08982035928143713,0.08982035928143713,0.0
금천구,시흥4동,263,333,53,22,109,17,89,0,167,49,0,201,305,62,28,0.7642585551330798,0.20152091254752852,0.08365019011406843,0.4144486692015209,0.06463878326996197,0.9159159159159159,0.2672672672672673,0.0,0.5015015015015015,0.14714714714714713,0.0
금천구,시흥5동,232,294,65,14,111,23,65,7,272,146,270,213,490,19,0,0.9181034482758621,0.2801724137931034,0.0603448275862069,0.47844827586206895,0.09913793103448276,1.0,0.22108843537414966,0.023809523809523808,0.9251700680272109,0.4965986394557823,0.9183673469387755
노원구,공릉1동,507,656,109,91,77,0,65,0,207,0,457,277,272,230,0,0.5463510848126233,0.21499013806706113,0.1794871794871795,0.15187376725838264,0.0,0.4146341463414634,0.09908536585365854,0.0,0.3155487804878049,0.0,0.6966463414634146
노원구,공릉2동,630,891,202,148,160,50,239,0,83,55,555,560,377,70,0,0.8888888888888888,0.32063492063492066,0.23492063492063492,0.25396825396825395,0.07936507936507936,0.42312008978675647,0.26823793490460157,0.0,0.0931537598204265,0.06172839506172839,0.622895622895623
노원구,상계10동,305,356,92,128,0,0,84,0,0,0,350,220,84,85,0,0.7213114754098361,0.3016393442622951,0.419672131147541,0.0,0.0,0.23595505617977527,0.23595505617977527,0.0,0.0,0.0,0.9831460674157303
노원구,상계1동,532,757,185,126,79,24,197,0,109,63,389,414,369,118,0,0.7781954887218046,0.34774436090225563,0.23684210526315788,0.14849624060150377,0.045112781954887216,0.48745046235138706,0.26023778071334214,0.0,0.14398943196829592,0.083223249669749,0.5138705416116248
노원구,상계2동,215,312,112,68,120,30,104,0,266,55,166,330,425,0,0,1.0,0.5209302325581395,0.31627906976744186,0.5581395348837209,0.13953488372093023,1.0,0.3333333333333333,0.0,0.8525641025641025,0.1762820512820513,0.532051282051282
노원구,상계3.4동,303,409,150,37,22,0,127,0,33,0,214,209,160,94,35,0.6897689768976898,0.49504950495049505,0.12211221122112212,0.07260726072607261,0.0,0.39119804400978,0.3105134474327628,0.0,0.08068459657701711,0.0,0.5232273838630807
노원구,상계5동,227,334,81,74,127,0,105,0,251,0,16,282,356,0,0,1.0,0.3568281938325991,0.32599118942731276,0.5594713656387665,0.0,1.0,0.3143712574850299,0.0,0.7514970059880239,0.0,0.04790419161676647
노원구,상계6.7동,577,780,83,207,24,18,6,0,104,31,358,332,141,245,281,0.5753899480069324,0.1438474870017331,0.3587521663778163,0.0415944540727903,0.03119584055459272,0.18076923076923077,0.007692307692307693,0.0,0.13333333333333333,0.03974358974358974,0.45897435897435895
노원구,상계8동,811,756,160,224,28,10,77,0,0,11,713,422,88,389,0,0.5203452527743526,0.19728729963008632,0.2762022194821208,0.0345252774352651,0.012330456226880395,0.1164021164021164,0.10185185185185185,0.0,0.0,0.01455026455026455,0.9431216931216931
노원구,상계9동,329,422,92,138,0,0,87,0,0,0,103,230,87,99,232,0.6990881458966566,0.2796352583586626,0.4194528875379939,0.0,0.0,0.20616113744075829,0.20616113744075829,0.0,0.0,0.0,0.24407582938388625
노원구,월계1동,280,374,111,90,51,0,88,5,101,0,101,252,194,28,79,0.9,0.3964285714285714,0.32142857142857145,0.18214285714285713,0.0,0.5187165775401069,0.23529411764705882,0.013368983957219251,0.2700534759358289,0.0,0.2700534759358289
노원구,월계2동,427,568,184,90,0,0,120,0,0,0,442,274,120,153,6,0.6416861826697893,0.4309133489461358,0.2107728337236534,0.0,0.0,0.2112676056338028,0.2112676056338028,0.0,0.0,0.0,0.778169014084507
노원구,월계3동,597,702,92,288,0,0,106,0,0,0,487,380,106,217,109,0.6365159128978225,0.1541038525963149,0.4824120603015075,0.0,0.0,0.150997150997151,0.150997150997151,0.0,0.0,0.0,0.6937321937321937
노원구,중계1동,165,450,94,28,63,0,79,0,95,0,167,185,174,0,109,1.0,0.5696969696969697,0.1696969696969697,0.38181818181818183,0.0,0.38666666666666666,0.17555555555555555,0.0,0.2111111111111111,0.0,0.3711111111111111
노원구,중계2.3동,439,648,106,170,0,0,113,0,0,0,466,276,113,163,69,0.6287015945330297,0.24145785876993167,0.38724373576309795,0.0,0.0,0.1743827160493827,0.1743827160493827,0.0,0.0,0.0,0.7191358024691358
노원구,중계4동,202,352,23,68,0,0,32,5,0,0,263,91,37,111,52,0.4504950495049505,0.11386138613861387,0.33663366336633666,0.0,0.0,0.10511363636363637,0.09090909090909091,0.014204545454545454,0.0,0.0,0.7471590909090909
노원구,중계본동,182,383,70,52,0,0,96,0,0,0,416,122,96,60,0,0.6703296703296703,0.38461538461538464,0.2857142857142857,0.0,0.0,0.2506527415143603,0.2506527415143603,0.0,0.0,0.0,1.0
노원구,하계1동,268,353,95,63,11,36,163,0,15,21,480,205,199,63,0,0.7649253731343284,0.35447761194029853,0.23507462686567165,0.041044776119402986,0.13432835820895522,0.5637393767705382,0.46175637393767704,0.0,0.042492917847025496,0.059490084985835696,1.0
노원구,하계2동,265,444,79,101,0,0,54,0,0,0,262,180,54,85,128,0.6792452830188679,0.2981132075471698,0.38113207547169814,0.0,0.0,0.12162162162162163,0.12162162162162163,0.0,0.0,0.0,0.5900900900900901
도봉구,도봉1동,207,267,48,12,71,0,67,0,150,0,65,131,217,76,0,0.6328502415458938,0.2318840579710145,0.057971014492753624,0.34299516908212563,0.0,0.8127340823970037,0.250936329588015,0.0,0.5617977528089888,0.0,0.24344569288389514
도봉구,도봉2동,452,548,191,120,14,21,168,0,10,31,277,346,209,106,62,0.7654867256637168,0.4225663716814159,0.26548672566371684,0.030973451327433628,0.046460176991150445,0.3813868613138686,0.30656934306569344,0.0,0.01824817518248175,0.05656934306569343,0.5054744525547445
도봉구,방학1동,300,482,150,19,20,33,145,0,4,65,280,222,214,78,0,0.74,0.5,0.06333333333333334,0.06666666666666667,0.11,0.44398340248962653,0.3008298755186722,0.0,0.008298755186721992,0.13485477178423236,0.5809128630705395
도봉구,방학2동,180,279,61,8,90,0,78,0,267,0,0,159,345,21,0,0.8833333333333333,0.3388888888888889,0.044444444444444446,0.5,0.0,1.0,0.27956989247311825,0.0,0.956989247311828,0.0,0.0
도봉구,방학3동,421,558,99,100,13,9,125,0,38,13,294,221,176,200,88,0.5249406175771971,0.23515439429928742,0.2375296912114014,0.030878859857482184,0.021377672209026127,0.3154121863799283,0.22401433691756273,0.0,0.06810035842293907,0.023297491039426525,0.5268817204301075
도봉구,쌍문1동,276,333,39,23,81,0,80,0,81,0,295,143,161,133,0,0.5181159420289855,0.14130434782608695,0.08333333333333333,0.29347826086956524,0.0,0.48348348348348347,0.24024024024024024,0.0,0.24324324324324326,0.0,0.8858858858858859
도봉구,쌍문2동,254,340,88,62,65,0,126,0,135,0,205,215,261,39,0,0.8464566929133859,0.3464566929133858,0.2440944881889764,0.2559055118110236,0.0,0.7676470588235295,0.37058823529411766,0.0,0.39705882352941174,0.0,0.6029411764705882
도봉구,쌍문3동,192,247,37,12,103,0,29,0,204,0,0,152,233,40,14,0.7916666666666666,0.19270833333333334,0.0625,0.5364583333333334,0.0,0.9433198380566802,0.11740890688259109,0.0,0.8259109311740891,0.0,0.0
도봉구,쌍문4동,213,371,77,73,36,0,0,0,0,0,446,186,0,27,0,0.8732394366197183,0.3615023474178404,0.3427230046948357,0.16901408450704225,0.0,0.0,0.0,0.0,0.0,0.0,1.0
도봉구,창1동,327,438,97,87,23,0,77,0,75,0,137,207,152,120,149,0.6330275229357798,0.2966360856269113,0.26605504587155965,0.07033639143730887,0.0,0.3470319634703196,0.17579908675799086,0.0,0.17123287671232876,0.0,0.3127853881278539
도봉구,창2동,452,588,82,43,145,0,98,0,220,0,91,270,318,182,179,0.5973451327433629,0.18141592920353983,0.09513274336283185,0.32079646017699115,0.0,0.5408163265306123,0.16666666666666666,0.0,0.3741496598639456,0.0,0.15476190476190477
도봉구,창3동,148,270,77,9,26,10,110,0,35,11,51,122,156,26,63,0.8243243243243243,0.5202702702702703,0.060810810810810814,0.17567567567567569,0.06756756756756757,0.5777777777777777,0.4074074074074074,0.0,0.12962962962962962,0.040740740740740744,0.18888888888888888
도봉구,창4동,420,537,138,117,42,30,108,0,23,16,306,327,147,93,84,0.7785714285714286,0.32857142857142857,0.2785714285714286,0.1,0.07142857142857142,0.2737430167597765,0.2011173184357542,0.0,0.04283054003724395,0.0297951582867784,0.5698324022346368
도봉구,창5동,369,495,58,55,114,0,98,0,105,0,358,227,203,142,0,0.6151761517615176,0.15718157181571815,0.14905149051490515,0.3089430894308943,0.0,0.4101010101010101,0.19797979797979798,0.0,0.21212121212121213,0.0,0.7232323232323232
동대문구,답십리1동,776,905,182,80,77,0,160,0,123,0,70,339,283,437,552,0.4368556701030928,0.2345360824742268,0.10309278350515463,0.09922680412371133,0.0,0.312707182320442,0.17679558011049723,0.0,0.13591160220994475,0.0,0.07734806629834254
동대문구,답십리2동,534,562,152,97,88,19,62,0,180,16,279,356,258,178,25,0.6666666666666666,0.2846441947565543,0.18164794007490637,0.1647940074906367,0.035580524344569285,0.45907473309608543,0.1103202846975089,0.0,0.3202846975088968,0.028469750889679714,0.49644128113879005
동대문구,용신동,369,392,116,19,70,26,78,0,103,33,135,231,214,138,43,0.6260162601626016,0.3143631436314363,0.051490514905149054,0.1897018970189702,0.07046070460704607,0.5459183673469388,0.1989795918367347,0.0,0.2627551020408163,0.08418367346938775,0.34438775510204084
동대문구,이문1동,139,246,100,62,56,14,34,0,157,0,0,232,191,0,55,1.0,0.7194244604316546,0.4460431654676259,0.4028776978417266,0.10071942446043165,0.7764227642276422,0.13821138211382114,0.0,0.6382113821138211,0.0,0.0
동대문구,이문2동,286,377,105,68,70,0,83,5,146,0,189,243,234,43,0,0.8496503496503497,0.36713286713286714,0.23776223776223776,0.24475524475524477,0.0,0.6206896551724138,0.22015915119363394,0.013262599469496022,0.38726790450928383,0.0,0.5013262599469496
동대문구,장안1동,692,797,241,213,50,0,365,0,153,0,226,504,518,188,53,0.7283236994219653,0.34826589595375723,0.3078034682080925,0.07225433526011561,0.0,0.6499372647427855,0.45796737766624845,0.0,0.191969887076537,0.0,0.2835633626097867
동대문구,장안2동,731,870,196,142,87,0,248,0,92,0,189,425,340,306,341,0.5813953488372093,0.26812585499316005,0.19425444596443228,0.11901504787961696,0.0,0.39080459770114945,0.2850574712643678,0.0,0.10574712643678161,0.0,0.21724137931034482
동대문구,전농1동,493,629,209,57,70,7,171,0,124,14,250,343,309,150,70,0.6957403651115619,0.4239350912778905,0.11561866125760649,0.14198782961460446,0.014198782961460446,0.4912559618441971,0.2718600953895072,0.0,0.1971383147853736,0.022257551669316374,0.397456279809221
동대문구,전농2동,262,373,160,132,39,25,82,0,24,6,640,356,112,0,0,1.0,0.6106870229007634,0.5038167938931297,0.14885496183206107,0.09541984732824428,0.3002680965147453,0.21983914209115282,0.0,0.064343163538874,0.0160857908847185,1.0
동대문구,제기동,278,309,122,38,23,0,110,0,42,0,132,183,152,95,25,0.658273381294964,0.43884892086330934,0.1366906474820144,0.08273381294964029,0.0,0.4919093851132686,0.3559870550161812,0.0,0.13592233009708737,0.0,0.42718446601941745
동대문구,청량리동,176,231,69,32,12,34,15,0,37,33,144,147,85,29,2,0.8352272727272727,0.39204545454545453,0.18181818181818182,0.06818181818181818,0.19318181818181818,0.36796536796536794,0.06493506493506493,0.0,0.16017316017316016,0.14285714285714285,0.6233766233766234
동대문구,회기동,89,124,32,8,0,43,34,0,0,30,353,83,64,6,0,0.9325842696629213,0.3595505617977528,0.0898876404494382,0.0,0.48314606741573035,0.5161290322580645,0.27419354838709675,0.0,0.0,0.24193548387096775,1.0
동대문구,휘경1동,247,270,87,55,84,0,10,0,120,0,137,226,130,21,3,0.9149797570850202,0.3522267206477733,0.22267206477732793,0.340080971659919,0.0,0.48148148148148145,0.037037037037037035,0.0,0.4444444444444444,0.0,0.5074074074074074
동대문구,휘경2동,269,397,143,130,63,38,131,0,72,44,155,374,247,0,0,1.0,0.5315985130111525,0.483271375464684,0.2342007434944238,0.1412639405204461,0.6221662468513854,0.32997481108312343,0.0,0.181360201511335,0.11083123425692695,0.3904282115869018
동작구,노량진1동,509,608,165,124,88,0,131,0,25,0,668,377,156,132,0,0.7406679764243614,0.3241650294695481,0.24361493123772102,0.17288801571709234,0.0,0.2565789473684211,0.21546052631578946,0.0,0.04111842105263158,0.0,1.0
동작구,노량진2동,94,111,124,0,62,20,50,0,25,14,130,206,89,0,0,1.0,1.0,0.0,0.6595744680851063,0.2127659574468085,0.8018018018018018,0.45045045045045046,0.0,0.22522522522522523,0.12612612612612611,1.0
동작구,대방동,466,607,130,65,72,8,157,0,20,5,250,275,182,191,175,0.5901287553648069,0.27896995708154504,0.13948497854077252,0.15450643776824036,0.017167381974248927,0.29983525535420097,0.2586490939044481,0.0,0.032948929159802305,0.008237232289950576,0.41186161449752884
동작구,사당1동,235,267,97,39,88,19,138,0,103,31,273,243,272,0,0,1.0,0.4127659574468085,0.16595744680851063,0.37446808510638296,0.08085106382978724,1.0,0.5168539325842697,0.0,0.3857677902621723,0.11610486891385768,1.0
동작구,사당2동,513,570,109,134,18,0,157,0,32,0,262,261,189,252,119,0.5087719298245614,0.2124756335282651,0.26120857699805067,0.03508771929824561,0.0,0.33157894736842103,0.2754385964912281,0.0,0.056140350877192984,0.0,0.45964912280701753
동작구,사당3동,502,679,148,70,0,0,199,0,0,0,213,218,199,284,267,0.4342629482071713,0.2948207171314741,0.1394422310756972,0.0,0.0,0.2930780559646539,0.2930780559646539,0.0,0.0,0.0,0.3136966126656848
동작구,사당4동,222,244,26,52,65,0,68,0,83,0,0,143,151,79,93,0.6441441441441441,0.11711711711711711,0.23423423423423423,0.2927927927927928,0.0,0.6188524590163934,0.2786885245901639,0.0,0.3401639344262295,0.0,0.0
동작구,사당5동,331,330,77,48,26,0,95,0,0,0,143,151,95,180,92,0.4561933534743202,0.2326283987915408,0.14501510574018128,0.07854984894259819,0.0,0.2878787878787879,0.2878787878787879,0.0,0.0,0.0,0.43333333333333335
동작구,상도1동,646,962,294,63,186,35,374,0,80,21,373,578,475,68,114,0.8947368421052632,0.4551083591331269,0.09752321981424149,0.28792569659442724,0.05417956656346749,0.49376299376299376,0.3887733887733888,0.0,0.08316008316008316,0.02182952182952183,0.3877338877338877
동작구,상도2동,600,726,323,150,158,0,385,0,87,0,51,631,472,0,203,1.0,0.5383333333333333,0.25,0.2633333333333333,0.0,0.650137741046832,0.5303030303030303,0.0,0.11983471074380166,0.0,0.07024793388429752
동작구,상도3동,359,405,92,46,81,11,132,0,147,31,0,230,310,129,95,0.6406685236768802,0.2562674094707521,0.12813370473537605,0.22562674094707522,0.03064066852367688,0.7654320987654321,0.32592592592592595,0.0,0.362962962962963,0.07654320987654321,0.0
동작구,상도4동,434,513,126,111,91,11,222,0,180,31,285,339,433,95,0,0.7811059907834101,0.2903225806451613,0.2557603686635945,0.20967741935483872,0.02534562211981567,0.8440545808966862,0.4327485380116959,0.0,0.3508771929824561,0.06042884990253411,0.5555555555555556
동작구,신대방1동,293,471,74,71,78,0,101,0,136,0,323,223,237,70,0,0.7610921501706485,0.2525597269624573,0.24232081911262798,0.26621160409556316,0.0,0.5031847133757962,0.21443736730360935,0.0,0.28874734607218683,0.0,0.6857749469214437
동작구,신대방2동,293,474,136,28,56,74,188,0,22,53,0,294,263,0,211,1.0,0.4641638225255973,0.09556313993174062,0.19112627986348124,0.2525597269624573,0.5548523206751055,0.39662447257383965,0.0,0.046413502109704644,0.11181434599156118,0.0
동작구,흑석동,551,761,179,47,143,28,183,0,30,5,327,397,218,154,216,0.720508166969147,0.3248638838475499,0.0852994555353902,0.2595281306715064,0.050816696914700546,0.2864651773981603,0.240473061760841,0.0,0.03942181340341656,0.006570302233902759,0.4296977660972405
마포구,공덕동,663,732,126,52,134,8,136,0,48,11,264,320,195,343,273,0.48265460030165913,0.19004524886877827,0.0784313725490196,0.20211161387631976,0.012066365007541479,0.26639344262295084,0.18579234972677597,0.0,0.06557377049180328,0.015027322404371584,0.36065573770491804
마포구,대흥동,183,236,144,19,0,0,106,0,0,0,101,163,106,20,29,0.8907103825136612,0.7868852459016393,0.10382513661202186,0.0,0.0,0.4491525423728814,0.4491525423728814,0.0,0.0,0.0,0.4279661016949153
마포구,도화동,422,472,91,103,0,24,119,0,0,32,216,218,151,204,105,0.5165876777251185,0.2156398104265403,0.24407582938388625,0.0,0.05687203791469194,0.3199152542372881,0.2521186440677966,0.0,0.0,0.06779661016949153,0.4576271186440678
마포구,망원1동,264,341,131,46,46,0,120,0,132,0,0,223,252,41,89,0.8446969696969697,0.4962121212121212,0.17424242424242425,0.17424242424242425,0.0,0.7390029325513197,0.3519061583577713,0.0,0.3870967741935484,0.0,0.0
마포구,망원2동,280,355,53,71,39,0,54,0,159,0,54,163,213,117,88,0.5821428571428572,0.18928571428571428,0.25357142857142856,0.1392857142857143,0.0,0.6,0.15211267605633802,0.0,0.447887323943662,0.0,0.15211267605633802
마포구,상암동,448,753,333,11,57,236,156,0,0,192,645,637,348,0,0,1.0,0.7433035714285714,0.024553571428571428,0.12723214285714285,0.5267857142857143,0.46215139442231074,0.20717131474103587,0.0,0.0,0.2549800796812749,0.8565737051792829
마포구,서강동,435,632,220,0,96,11,142,0,138,9,0,327,289,108,343,0.7517241379310344,0.5057471264367817,0.0,0.2206896551724138,0.02528735632183908,0.4572784810126582,0.22468354430379747,0.0,0.21835443037974683,0.014240506329113924,0.0
마포구,서교동,241,248,160,23,0,0,118,0,0,0,182,183,118,58,0,0.7593360995850622,0.6639004149377593,0.0954356846473029,0.0,0.0,0.47580645161290325,0.47580645161290325,0.0,0.0,0.0,0.7338709677419355
마포구,성산1동,223,290,17,43,42,42,31,0,0,52,127,144,83,79,80,0.6457399103139013,0.07623318385650224,0.19282511210762332,0.18834080717488788,0.18834080717488788,0.28620689655172415,0.10689655172413794,0.0,0.0,0.1793103448275862,0.4379310344827586
마포구,성산2동,637,720,101,152,106,46,199,5,76,57,315,405,337,232,68,0.6357927786499215,0.15855572998430142,0.23861852433281006,0.1664050235478807,0.07221350078492936,0.46805555555555556,0.2763888888888889,0.006944444444444444,0.10555555555555556,0.07916666666666666,0.4375
마포구,신수동,466,578,175,48,25,0,174,0,18,0,0,248,192,218,386,0.5321888412017167,0.37553648068669526,0.10300429184549356,0.0536480686695279,0.0,0.33217993079584773,0.30103806228373703,0.0,0.031141868512110725,0.0,0.0
마포구,아현동,829,979,255,62,151,46,174,0,118,23,0,514,315,315,664,0.6200241254523522,0.30759951749095293,0.07478890229191798,0.18214716525934863,0.05548854041013269,0.32175689479060265,0.177732379979571,0.0,0.1205311542390194,0.02349336057201226,0.0
마포구,연남동,194,194,23,36,12,25,26,0,0,0,523,96,26,98,0,0.4948453608247423,0.11855670103092783,0.18556701030927836,0.061855670103092786,0.12886597938144329,0.13402061855670103,0.13402061855670103,0.0,0.0,0.0,1.0
마포구,염리동,195,296,175,6,24,0,144,0,0,0,208,205,144,0,0,1.0,0.8974358974358975,0.03076923076923077,0.12307692307692308,0.0,0.4864864864864865,0.4864864864864865,0.0,0.0,0.0,0.7027027027027027
마포구,용강동,451,688,107,111,54,11,116,0,18,20,258,283,154,168,276,0.6274944567627494,0.23725055432372505,0.24611973392461198,0.1197339246119734,0.024390243902439025,0.2238372093023256,0.1686046511627907,0.0,0.02616279069767442,0.029069767441860465,0.375
마포구,합정동,483,313,94,28,0,33,90,0,0,53,53,155,143,328,117,0.32091097308488614,0.19461697722567287,0.057971014492753624,0.0,0.06832298136645963,0.45686900958466453,0.28753993610223644,0.0,0.0,0.16932907348242812,0.16932907348242812
서대문구,남가좌1동,422,619,208,238,32,0,265,0,0,0,0,478,265,0,354,1.0,0.4928909952606635,0.5639810426540285,0.07582938388625593,0.0,0.4281098546042003,0.4281098546042003,0.0,0.0,0.0,0.0
서대문구,남가좌2동,619,906,192,151,106,0,175,0,123,0,151,449,298,170,457,0.7253634894991923,0.31017770597738287,0.24394184168012925,0.17124394184168013,0.0,0.32891832229580575,0.19315673289183222,0.0,0.1357615894039735,0.0,0.16666666666666666
서대문구,북가좌1동,321,481,125,102,32,0,160,0,0,0,11,259,160,62,310,0.8068535825545171,0.3894080996884735,0.3177570093457944,0.09968847352024922,0.0,0.33264033264033266,0.33264033264033266,0.0,0.0,0.0,0.02286902286902287
서대문구,북가좌2동,398,474,163,69,110,0,81,0,120,0,425,342,201,56,0,0.8592964824120602,0.40954773869346733,0.17336683417085427,0.27638190954773867,0.0,0.4240506329113924,0.17088607594936708,0.0,0.25316455696202533,0.0,0.8966244725738397
서대문구,북아현동,413,470,186,0,101,0,66,0,64,0,173,287,130,126,167,0.6949152542372882,0.45036319612590797,0.0,0.24455205811138014,0.0,0.2765957446808511,0.14042553191489363,0.0,0.13617021276595745,0.0,0.3680851063829787
서대문구,신촌동,313,162,22,11,20,131,35,0,28,153,324,184,216,129,0,0.5878594249201278,0.07028753993610223,0.03514376996805112,0.06389776357827476,0.4185303514376997,1.0,0.21604938271604937,0.0,0.1728395061728395,0.9444444444444444,1.0
서대문구,연희동,389,482,234,87,94,21,305,0,86,33,178,436,424,0,0,1.0,0.6015424164524421,0.2236503856041131,0.2416452442159383,0.05398457583547558,0.8796680497925311,0.6327800829875518,0.0,0.17842323651452283,0.06846473029045644,0.36929460580912865
서대문구,천연동,349,400,44,17,186,0,27,0,119,0,0,247,146,102,254,0.7077363896848138,0.12607449856733524,0.04871060171919771,0.5329512893982808,0.0,0.365,0.0675,0.0,0.2975,0.0,0.0
서대문구,충현동,315,398,116,11,116,48,65,0,168,55,50,291,288,24,60,0.9238095238095239,0.3682539682539683,0.03492063492063492,0.3682539682539683,0.1523809523809524,0.7236180904522613,0.16331658291457288,0.0,0.4221105527638191,0.13819095477386933,0.12562814070351758
서대문구,홍은1동,355,507,122,41,13,7,42,0,15,10,238,183,67,172,202,0.5154929577464789,0.3436619718309859,0.11549295774647887,0.036619718309859155,0.01971830985915493,0.13214990138067062,0.08284023668639054,0.0,0.029585798816568046,0.01972386587771203,0.46942800788954636
서대문구,홍은2동,301,382,47,9,36,0,49,0,26,0,150,92,75,209,157,0.30564784053156147,0.15614617940199335,0.029900332225913623,0.11960132890365449,0.0,0.19633507853403143,0.12827225130890052,0.0,0.06806282722513089,0.0,0.39267015706806285
서대문구,홍제1동,412,503,109,63,59,0,104,0,111,0,146,231,215,181,142,0.5606796116504854,0.2645631067961165,0.1529126213592233,0.14320388349514562,0.0,0.4274353876739563,0.20675944333996024,0.0,0.220675944333996,0.0,0.29025844930417494
서대문구,홍제2동,212,243,95,69,21,0,152,0,5,0,201,185,157,27,0,0.8726415094339622,0.4481132075471698,0.32547169811320753,0.09905660377358491,0.0,0.6460905349794238,0.6255144032921811,0.0,0.0205761316872428,0.0,0.8271604938271605
서대문구,홍제3동,188,257,120,27,7,0,106,0,58,0,117,154,164,34,0,0.8191489361702128,0.6382978723404256,0.14361702127659576,0.03723404255319149,0.0,0.6381322957198443,0.41245136186770426,0.0,0.22568093385214008,0.0,0.45525291828793774
서초구,내곡동,404,598,236,19,8,108,193,0,0,158,152,371,351,33,95,0.9183168316831684,0.5841584158415841,0.04702970297029703,0.019801980198019802,0.26732673267326734,0.5869565217391305,0.32274247491638797,0.0,0.0,0.26421404682274247,0.25418060200668896
서초구,반포1동,540,870,205,60,152,0,77,0,120,0,129,417,197,123,544,0.7722222222222223,0.37962962962962965,0.1111111111111111,0.2814814814814815,0.0,0.2264367816091954,0.08850574712643679,0.0,0.13793103448275862,0.0,0.1482758620689655
서초구,반포2동,280,535,134,20,67,0,76,0,79,0,153,221,155,59,227,0.7892857142857143,0.4785714285714286,0.07142857142857142,0.2392857142857143,0.0,0.2897196261682243,0.14205607476635515,0.0,0.14766355140186915,0.0,0.28598130841121494
서초구,반포3동,445,560,154,100,21,0,111,0,22,0,139,275,133,170,288,0.6179775280898876,0.34606741573033706,0.2247191011235955,0.04719101123595506,0.0,0.2375,0.1982142857142857,0.0,0.039285714285714285,0.0,0.24821428571428572
서초구,반포4동,370,528,232,0,34,30,246,0,64,47,0,296,357,74,171,0.8,0.6270270270270271,0.0,0.0918918918918919,0.08108108108108109,0.6761363636363636,0.4659090909090909,0.0,0.12121212121212122,0.08901515151515152,0.0
서초구,반포본동,123,148,17,0,0,0,0,0,0,0,41,17,0,106,107,0.13821138211382114,0.13821138211382114,0.0,0.0,0.0,0.0,0.0,0.0,0.0,0.0,0.27702702702702703
서초구,방배1동,312,378,74,57,23,0,73,0,11,0,0,154,84,158,294,0.4935897435897436,0.23717948717948717,0.18269230769230768,0.07371794871794872,0.0,0.2222222222222222,0.1931216931216931,0.0,0.0291005291005291,0.0,0.0
서초구,방배2동,314,366,128,39,0,54,134,0,0,155,0,221,289,93,77,0.7038216560509554,0.40764331210191085,0.12420382165605096,0.0,0.17197452229299362,0.7896174863387978,0.366120218579235,0.0,0.0,0.42349726775956287,0.0
서초구,방배3동,318,410,124,34,2,6,129,0,41,11,178,166,181,152,51,0.5220125786163522,0.389937106918239,0.1069182389937107,0.006289308176100629,0.018867924528301886,0.44146341463414634,0.3146341463414634,0.0,0.1,0.026829268292682926,0.43414634146341463
서초구,방배4동,354,499,71,45,98,0,86,0,85,0,132,214,171,140,196,0.6045197740112994,0.20056497175141244,0.1271186440677966,0.2768361581920904,0.0,0.342685370741483,0.17234468937875752,0.0,0.17034068136272545,0.0,0.26452905811623245
서초구,방배본동,249,381,67,0,58,9,47,0,64,6,78,134,117,115,186,0.5381526104417671,0.26907630522088355,0.0,0.23293172690763053,0.03614457831325301,0.30708661417322836,0.12335958005249344,0.0,0.1679790026246719,0.015748031496062992,0.2047244094488189
서초구,서초1동,335,441,110,68,9,72,186,0,0,83,101,259,269,76,71,0.7731343283582089,0.3283582089552239,0.20298507462686566,0.026865671641791045,0.21492537313432836,0.6099773242630385,0.4217687074829932,0.0,0.0,0.18820861678004536,0.2290249433106576
서초구,서초2동,421,571,125,17,48,114,94,0,0,135,144,304,229,117,198,0.7220902612826603,0.29691211401425177,0.040380047505938245,0.11401425178147269,0.27078384798099764,0.4010507880910683,0.1646234676007005,0.0,0.0,0.23642732049036777,0.2521891418563923
서초구,서초3동,481,529,107,16,38,88,83,0,54,106,73,249,243,232,213,0.5176715176715176,0.22245322245322247,0.033264033264033266,0.079002079002079,0.18295218295218296,0.45935727788279773,0.15689981096408318,0.0,0.10207939508506617,0.2003780718336484,0.13799621928166353
서초구,서초4동,516,796,128,19,55,18,67,0,8,6,262,220,81,296,453,0.4263565891472868,0.24806201550387597,0.03682170542635659,0.1065891472868217,0.03488372093023256,0.10175879396984924,0.08417085427135679,0.0,0.010050251256281407,0.007537688442211055,0.32914572864321606
서초구,양재1동,796,1100,197,133,112,147,80,0,33,159,732,589,272,207,96,0.7399497487437185,0.24748743718592964,0.1670854271356784,0.1407035175879397,0.18467336683417085,0.24727272727272728,0.07272727272727272,0.0,0.03,0.14454545454545453,0.6654545454545454
서초구,양재2동,362,449,214,47,29,23,182,0,27,47,83,313,256,49,110,0.8646408839779005,0.5911602209944752,0.1298342541436464,0.08011049723756906,0.06353591160220995,0.5701559020044543,0.4053452115812918,0.0,0.060133630289532294,0.10467706013363029,0.18485523385300667
서초구,잠원동,435,583,159,65,18,10,101,0,34,0,240,252,135,183,208,0.5793103448275863,0.36551724137931035,0.14942528735632185,0.041379310344827586,0.022988505747126436,0.23156089193825044,0.1732418524871355,0.0,0.058319039451114926,0.0,0.411663807890223
성동구,금호1가동,389,420,182,61,26,23,248,0,15,52,161,292,315,97,0,0.7506426735218509,0.46786632390745503,0.15681233933161953,0.06683804627249357,0.05912596401028278,0.75,0.5904761904761905,0.0,0.03571428571428571,0.12380952380952381,0.38333333333333336
성동구,금호2.3가동,585,594,463,42,79,0,196,0,32,0,90,584,228,1,276,0.9982905982905983,0.7914529914529914,0.07179487179487179,0.13504273504273503,0.0,0.3838383838383838,0.32996632996632996,0.0,0.05387205387205387,0.0,0.15151515151515152
성동구,금호4가동,414,455,241,164,95,0,215,0,32,0,158,500,247,0,50,1.0,0.5821256038647343,0.3961352657004831,0.22946859903381642,0.0,0.5428571428571428,0.4725274725274725,0.0,0.07032967032967033,0.0,0.34725274725274724
성동구,마장동,331,362,126,93,29,0,208,0,25,0,263,248,233,83,0,0.7492447129909365,0.3806646525679758,0.2809667673716012,0.08761329305135952,0.0,0.643646408839779,0.574585635359116,0.0,0.06906077348066299,0.0,0.7265193370165746
성동구,사근동,117,138,51,0,0,5,27,0,0,50,81,56,77,61,0,0.47863247863247865,0.4358974358974359,0.0,0.0,0.042735042735042736,0.5579710144927537,0.1956521739130435,0.0,0.0,0.36231884057971014,0.5869565217391305
성동구,성수1가1동,326,304,135,0,72,29,87,0,31,7,245,236,125,90,0,0.7239263803680982,0.41411042944785276,0.0,0.22085889570552147,0.08895705521472393,0.41118421052631576,0.28618421052631576,0.0,0.10197368421052631,0.023026315789473683,0.805921052631579
성동구,성수1가2동,202,235,88,24,35,12,25,0,17,19,0,159,61,43,174,0.7871287128712872,0.43564356435643564,0.1188118811881188,0.17326732673267325,0.0594059405940594,0.25957446808510637,0.10638297872340426,0.0,0.07234042553191489,0.08085106382978724,0.0
성동구,성수2가1동,225,274,73,0,69,17,64,0,36,7,51,159,107,66,116,0.7066666666666667,0.3244444444444444,0.0,0.30666666666666664,0.07555555555555556,0.3905109489051095,0.23357664233576642,0.0,0.13138686131386862,0.025547445255474453,0.18613138686131386
성동구,성수2가3동,177,183,89,0,21,12,17,0,53,6,31,122,76,55,76,0.6892655367231638,0.5028248587570622,0.0,0.11864406779661017,0.06779661016949153,0.41530054644808745,0.09289617486338798,0.0,0.2896174863387978,0.03278688524590164,0.16939890710382513
성동구,송정동,126,179,57,10,20,0,49,0,27,0,52,87,76,39,51,0.6904761904761905,0.4523809523809524,0.07936507936507936,0.15873015873015872,0.0,0.4245810055865922,0.2737430167597765,0.0,0.15083798882681565,0.0,0.2905027932960894
성동구,옥수동,747,847,328,110,0,0,205,0,0,0,358,438,205,309,284,0.5863453815261044,0.4390896921017403,0.14725568942436412,0.0,0.0,0.24203069657615112,0.24203069657615112,0.0,0.0,0.0,0.42266824085005905
성동구,왕십리2동,409,355,383,86,0,23,254,0,0,52,69,492,306,0,0,1.0,0.9364303178484108,0.21026894865525672,0.0,0.05623471882640587,0.8619718309859155,0.7154929577464789,0.0,0.0,0.14647887323943662,0.19436619718309858
성동구,왕십리도선동,628,789,309,84,18,15,192,0,16,10,220,426,218,202,351,0.678343949044586,0.49203821656050956,0.1337579617834395,0.028662420382165606,0.02388535031847134,0.27629911280101394,0.24334600760456274,0.0,0.020278833967046894,0.012674271229404309,0.2788339670468948
성동구,용답동,95,128,74,0,68,17,109,0,98,55,36,159,262,0,0,1.0,0.7789473684210526,0.0,0.7157894736842105,0.17894736842105263,1.0,0.8515625,0.0,0.765625,0.4296875,0.28125
성동구,응봉동,277,356,150,32,0,15,152,0,0,0,50,197,152,80,154,0.7111913357400722,0.5415162454873647,0.11552346570397112,0.0,0.05415162454873646,0.42696629213483145,0.42696629213483145,0.0,0.0,0.0,0.1404494382022472
성동구,행당1동,273,306,175,47,0,30,239,0,0,0,73,252,239,21,0,0.9230769230769231,0.6410256410256411,0.17216117216117216,0.0,0.10989010989010989,0.7810457516339869,0.7810457516339869,0.0,0.0,0.0,0.238562091503268
성동구,행당2동,454,587,170,126,16,0,258,0,48,0,419,312,306,142,0,0.6872246696035242,0.3744493392070485,0.2775330396475771,0.03524229074889868,0.0,0.5212947189097104,0.4395229982964225,0.0,0.0817717206132879,0.0,0.7137989778534923
성북구,길음1동,681,1170,127,199,115,3,148,0,101,13,617,444,262,237,291,0.6519823788546255,0.18649045521292218,0.2922173274596182,0.16886930983847284,0.004405286343612335,0.22393162393162394,0.1264957264957265,0.0,0.08632478632478632,0.011111111111111112,0.5273504273504274
성북구,길음2동,402,457,130,40,12,0,69,0,50,0,64,182,119,220,274,0.4527363184079602,0.32338308457711445,0.09950248756218906,0.029850746268656716,0.0,0.2603938730853392,0.15098468271334792,0.0,0.10940919037199125,0.0,0.1400437636761488
성북구,돈암1동,221,261,57,92,45,40,4,0,37,53,385,234,94,0,0,1.0,0.2579185520361991,0.416289592760181,0.20361990950226244,0.18099547511312217,0.36015325670498083,0.01532567049808429,0.0,0.1417624521072797,0.20306513409961685,1.0
성북구,돈암2동,394,595,255,104,25,19,139,0,11,39,563,403,189,0,0,1.0,0.6472081218274112,0.2639593908629442,0.06345177664974619,0.048223350253807105,0.3176470588235294,0.23361344537815126,0.0,0.018487394957983194,0.06554621848739496,0.946218487394958
성북구,동선동,133,187,193,47,25,15,68,0,11,22,79,280,101,0,7,1.0,1.0,0.3533834586466165,0.18796992481203006,0.11278195488721804,0.5401069518716578,0.36363636363636365,0.0,0.058823529411764705,0.11764705882352941,0.42245989304812837
성북구,보문동,282,325,53,0,91,48,26,0,49,14,243,192,89,90,0,0.6808510638297872,0.1879432624113475,0.0,0.32269503546099293,0.1702127659574468,0.27384615384615385,0.08,0.0,0.15076923076923077,0.043076923076923075,0.7476923076923077
성북구,삼선동,217,328,101,26,0,19,78,0,0,26,68,146,104,71,156,0.6728110599078341,0.46543778801843316,0.11981566820276497,0.0,0.08755760368663594,0.3170731707317073,0.23780487804878048,0.0,0.0,0.07926829268292683,0.2073170731707317
성북구,석관동,520,658,198,104,48,0,131,0,53,0,219,350,184,170,255,0.6730769230769231,0.38076923076923075,0.2,0.09230769230769231,0.0,0.2796352583586626,0.19908814589665655,0.0,0.08054711246200608,0.0,0.33282674772036475
성북구,성북동,204,198,67,13,0,11,72,0,0,24,160,91,96,113,0,0.44607843137254904,0.3284313725490196,0.06372549019607843,0.0,0.05392156862745098,0.48484848484848486,0.36363636363636365,0.0,0.0,0.12121212121212122,0.8080808080808081
성북구,안암동,125,124,98,2,0,43,60,0,0,39,49,143,99,0,0,1.0,0.784,0.016,0.0,0.344,0.7983870967741935,0.4838709677419355,0.0,0.0,0.31451612903225806,0.3951612903225806
성북구,월곡1동,445,630,164,100,65,28,161,0,34,131,62,357,326,88,242,0.802247191011236,0.3685393258426966,0.2247191011235955,0.14606741573033707,0.06292134831460675,0.5174603174603175,0.25555555555555554,0.0,0.05396825396825397,0.20793650793650795,0.09841269841269841
성북구,월곡2동,256,336,97,58,15,29,62,0,20,57,309,199,139,57,0,0.77734375,0.37890625,0.2265625,0.05859375,0.11328125,0.41369047619047616,0.18452380952380953,0.0,0.05952380952380952,0.16964285714285715,0.9196428571428571
성북구,장위1동,221,274,131,38,42,0,129,0,45,0,280,211,174,10,0,0.9547511312217195,0.5927601809954751,0.17194570135746606,0.19004524886877827,0.0,0.635036496350365,0.4708029197080292,0.0,0.16423357664233576,0.0,1.0
성북구,장위2동,148,183,64,38,53,15,89,0,106,33,71,170,228,0,0,1.0,0.43243243243243246,0.25675675675675674,0.3581081081081081,0.10135135135135136,1.0,0.48633879781420764,0.0,0.5792349726775956,0.18032786885245902,0.3879781420765027
성북구,장위3동,476,624,143,85,47,0,117,0,84,0,154,275,201,201,269,0.5777310924369747,0.3004201680672269,0.17857142857142858,0.09873949579831932,0.0,0.32211538461538464,0.1875,0.0,0.1346153846153846,0.0,0.2467948717948718
성북구,정릉1동,313,444,185,120,137,15,109,0,137,57,306,457,303,0,0,1.0,0.5910543130990416,0.38338658146964855,0.43769968051118213,0.04792332268370607,0.6824324324324325,0.24549549549549549,0.0,0.30855855855855857,0.12837837837837837,0.6891891891891891
성북구,정릉2동,382,481,180,51,95,4,141,0,31,17,0,330,189,52,292,0.8638743455497382,0.4712041884816754,0.13350785340314136,0.2486910994764398,0.010471204188481676,0.39293139293139295,0.29313929313929316,0.0,0.06444906444906445,0.035343035343035345,0.0
성북구,정릉3동,177,198,53,7,0,73,110,0,0,152,16,133,262,44,0,0.751412429378531,0.2994350282485876,0.03954802259887006,0.0,0.4124293785310734,1.0,0.5555555555555556,0.0,0.0,0.7676767676767676,0.08080808080808081
성북구,정릉4동,431,504,186,50,25,47,185,0,40,93,286,308,318,123,0,0.7146171693735499,0.43155452436194897,0.11600928074245939,0.058004640371229696,0.10904872389791183,0.6309523809523809,0.36706349206349204,0.0,0.07936507936507936,0.18452380952380953,0.5674603174603174
성북구,종암동,582,851,204,54,134,52,124,0,145,48,608,444,317,138,0,0.7628865979381443,0.35051546391752575,0.09278350515463918,0.23024054982817868,0.08934707903780069,0.372502937720329,0.14571092831962398,0.0,0.17038777908343125,0.0564042303172738,0.7144535840188014
송파구,가락1동,851,1026,300,77,0,29,303,0,0,35,0,406,338,445,688,0.4770857814336075,0.3525264394829612,0.09048178613396005,0.0,0.03407755581668625,0.32943469785575047,0.2953216374269006,0.0,0.0,0.0341130604288499,0.0
송파구,가락2동,532,772,57,49,276,15,67,0,295,28,500,397,390,135,0,0.7462406015037594,0.10714285714285714,0.09210526315789473,0.518796992481203,0.02819548872180451,0.5051813471502591,0.08678756476683938,0.0,0.38212435233160624,0.03626943005181347,0.6476683937823834
송파구,가락본동,511,506,155,89,98,0,104,0,8,0,101,342,112,169,293,0.6692759295499021,0.30332681017612523,0.17416829745596868,0.1917808219178082,0.0,0.22134387351778656,0.20553359683794467,0.0,0.015810276679841896,0.0,0.19960474308300397
송파구,거여1동,152,197,96,0,70,24,80,0,176,43,42,190,299,0,0,1.0,0.631578947368421,0.0,0.4605263157894737,0.15789473684210525,1.0,0.40609137055837563,0.0,0.8934010152284264,0.2182741116751269,0.2131979695431472
송파구,거여2동,348,434,174,84,77,0,131,0,176,0,164,335,307,13,0,0.9626436781609196,0.5,0.2413793103448276,0.22126436781609196,0.0,0.7073732718894009,0.30184331797235026,0.0,0.4055299539170507,0.0,0.3778801843317972
송파구,마천1동,199,280,64,49,66,0,124,0,62,0,264,179,186,20,0,0.8994974874371859,0.32160804020100503,0.24623115577889448,0.3316582914572864,0.0,0.6642857142857143,0.44285714285714284,0.0,0.22142857142857142,0.0,0.9428571428571428
송파구,마천2동,222,258,40,77,117,29,71,0,186,27,25,263,284,0,0,1.0,0.18018018018018017,0.34684684684684686,0.527027027027027,0.13063063063063063,1.0,0.2751937984496124,0.0,0.7209302325581395,0.10465116279069768,0.09689922480620156
송파구,문정1동,388,433,93,21,130,0,52,0,53,0,152,244,105,144,176,0.6288659793814433,0.23969072164948454,0.05412371134020619,0.33505154639175255,0.0,0.24249422632794457,0.12009237875288684,0.0,0.12240184757505773,0.0,0.3510392609699769
송파구,문정2동,460,526,109,75,31,84,48,0,52,107,0,299,207,161,319,0.65,0.23695652173913043,0.16304347826086957,0.06739130434782609,0.1826086956521739,0.3935361216730038,0.09125475285171103,0.0,0.09885931558935361,0.20342205323193915,0.0
송파구,방이1동,236,329,0,4,125,0,0,0,33,0,105,129,33,107,191,0.5466101694915254,0.0,0.01694915254237288,0.5296610169491526,0.0,0.10030395136778116,0.0,0.0,0.10030395136778116,0.0,0.3191489361702128
송파구,방이2동,392,411,58,89,78,20,81,0,109,20,84,245,210,147,117,0.625,0.14795918367346939,0.22704081632653061,0.1989795918367347,0.05102040816326531,0.5109489051094891,0.19708029197080293,0.0,0.26520681265206814,0.04866180048661801,0.20437956204379562
송파구,삼전동,414,471,73,19,184,18,124,0,311,0,238,294,435,120,0,0.7101449275362319,0.17632850241545894,0.04589371980676329,0.4444444444444444,0.043478260869565216,0.9235668789808917,0.2632696390658174,0.0,0.6602972399150743,0.0,0.505307855626327
송파구,석촌동,490,512,371,106,165,0,394,0,170,0,466,642,564,0,0,1.0,0.7571428571428571,0.2163265306122449,0.336734693877551,0.0,1.0,0.76953125,0.0,0.33203125,0.0,0.91015625
송파구,송파1동,365,423,93,62,49,25,148,0,39,34,77,229,221,136,125,0.6273972602739726,0.2547945205479452,0.16986301369863013,0.13424657534246576,0.0684931506849315,0.5224586288416075,0.34988179669030733,0.0,0.09219858156028368,0.08037825059101655,0.18203309692671396
송파구,송파2동,354,515,20,50,102,0,0,0,55,0,488,172,55,182,0,0.4858757062146893,0.05649717514124294,0.14124293785310735,0.288135593220339,0.0,0.10679611650485436,0.0,0.0,0.10679611650485436,0.0,0.9475728155339805
송파구,오금동,710,1030,158,90,130,0,241,0,52,0,492,378,293,332,245,0.532394366197183,0.22253521126760564,0.1267605633802817,0.18309859154929578,0.0,0.28446601941747574,0.23398058252427184,0.0,0.05048543689320388,0.0,0.47766990291262135
송파구,오륜동,150,313,0,0,0,18,0,0,0,28,290,18,28,132,0,0.12,0.0,0.0,0.0,0.12,0.08945686900958466,0.0,0.0,0.0,0.08945686900958466,0.9265175718849841
송파구,위례동,1158,1601,460,222,37,3,603,0,0,0,413,722,603,436,585,0.6234887737478411,0.39723661485319517,0.19170984455958548,0.03195164075993091,0.0025906735751295338,0.37663960024984383,0.37663960024984383,0.0,0.0,0.0,0.2579637726420987
송파구,잠실2동,588,1158,88,200,0,0,117,0,0,0,210,288,117,300,831,0.4897959183673469,0.14965986394557823,0.3401360544217687,0.0,0.0,0.10103626943005181,0.10103626943005181,0.0,0.0,0.0,0.18134715025906736
송파구,잠실3동,620,1009,29,193,41,17,0,0,60,14,248,280,74,340,687,0.45161290322580644,0.0467741935483871,0.31129032258064515,0.06612903225806452,0.027419354838709678,0.07333994053518335,0.0,0.0,0.05946481665014866,0.013875123885034688,0.24578790882061446
송파구,잠실4동,483,838,56,262,50,0,106,0,8,0,246,368,114,115,478,0.7619047619047619,0.11594202898550725,0.5424430641821946,0.10351966873706005,0.0,0.1360381861575179,0.12649164677804295,0.0,0.00954653937947494,0.0,0.2935560859188544
송파구,잠실6동,325,505,70,386,50,119,131,0,8,184,72,625,323,0,110,1.0,0.2153846153846154,1.0,0.15384615384615385,0.36615384615384616,0.6396039603960396,0.2594059405940594,0.0,0.015841584158415842,0.36435643564356435,0.14257425742574256
송파구,잠실본동,389,401,53,8,130,25,48,0,218,0,0,216,266,173,135,0.5552699228791774,0.13624678663239073,0.02056555269922879,0.3341902313624679,0.06426735218508997,0.6633416458852868,0.11970074812967581,0.0,0.543640897755611,0.0,0.0
송파구,장지동,671,771,325,91,81,0,137,0,0,0,690,497,137,174,0,0.7406855439642325,0.4843517138599106,0.13561847988077497,0.12071535022354694,0.0,0.17769130998702984,0.17769130998702984,0.0,0.0,0.0,0.8949416342412452
송파구,풍납1동,201,226,50,35,20,0,54,0,22,0,46,105,76,96,104,0.5223880597014925,0.24875621890547264,0.17412935323383086,0.09950248756218906,0.0,0.336283185840708,0.23893805309734514,0.0,0.09734513274336283,0.0,0.20353982300884957
송파구,풍납2동,523,596,158,85,57,195,133,0,65,207,496,495,405,28,0,0.9464627151051626,0.30210325047801145,0.16252390057361377,0.1089866156787763,0.372848948374761,0.6795302013422819,0.2231543624161074,0.0,0.10906040268456375,0.34731543624161076,0.8322147651006712
양천구,목1동,406,781,43,87,15,11,66,0,8,14,167,156,88,250,526,0.3842364532019704,0.10591133004926108,0.21428571428571427,0.03694581280788178,0.027093596059113302,0.11267605633802817,0.08450704225352113,0.0,0.010243277848911651,0.01792573623559539,0.21382842509603073
양천구,목2동,454,524,69,92,97,0,144,0,177,0,305,258,321,196,0,0.5682819383259912,0.15198237885462554,0.2026431718061674,0.21365638766519823,0.0,0.6125954198473282,0.2748091603053435,0.0,0.3377862595419847,0.0,0.5820610687022901
양천구,목3동,434,478,149,85,46,28,129,0,70,15,53,308,214,126,211,0.7096774193548387,0.3433179723502304,0.195852534562212,0.10599078341013825,0.06451612903225806,0.4476987447698745,0.2698744769874477,0.0,0.14644351464435146,0.03138075313807531,0.1108786610878661
양천구,목4동,240,389,81,36,34,0,46,0,114,0,58,151,160,89,171,0.6291666666666667,0.3375,0.15,0.14166666666666666,0.0,0.41131105398457585,0.11825192802056556,0.0,0.2930591259640103,0.0,0.14910025706940874
양천구,목5동,387,863,108,119,61,20,117,0,102,25,853,308,244,79,0,0.7958656330749354,0.27906976744186046,0.30749354005167956,0.15762273901808785,0.05167958656330749,0.2827346465816918,0.13557358053302435,0.0,0.11819235225955968,0.028968713789107765,0.9884125144843569
양천구,신월1동,231,298,32,69,82,0,86,0,183,0,76,183,269,48,0,0.7922077922077922,0.13852813852813853,0.2987012987012987,0.354978354978355,0.0,0.9026845637583892,0.28859060402684567,0.0,0.6140939597315436,0.0,0.2550335570469799
양천구,신월2동,357,473,75,163,43,0,117,0,218,0,35,281,335,76,103,0.7871148459383753,0.21008403361344538,0.4565826330532213,0.12044817927170869,0.0,0.7082452431289641,0.24735729386892177,0.0,0.4608879492600423,0.0,0.07399577167019028
양천구,신월3동,224,258,63,33,31,20,98,7,24,37,106,147,166,77,0,0.65625,0.28125,0.14732142857142858,0.13839285714285715,0.08928571428571429,0.6434108527131783,0.3798449612403101,0.027131782945736434,0.09302325581395349,0.1434108527131783,0.4108527131782946
양천구,신월4동,315,444,67,92,38,0,133,0,84,0,265,197,217,118,0,0.6253968253968254,0.2126984126984127,0.2920634920634921,0.12063492063492064,0.0,0.48873873873873874,0.29954954954954954,0.0,0.1891891891891892,0.0,0.5968468468468469
양천구,신월5동,241,275,68,41,42,13,105,0,79,0,115,164,184,77,0,0.6804979253112033,0.2821576763485477,0.17012448132780084,0.17427385892116182,0.05394190871369295,0.6690909090909091,0.38181818181818183,0.0,0.2872727272727273,0.0,0.41818181818181815
양천구,신월6동,404,505,145,63,37,0,150,0,123,0,43,245,273,159,189,0.6064356435643564,0.3589108910891089,0.15594059405940594,0.09158415841584158,0.0,0.5405940594059406,0.297029702970297,0.0,0.24356435643564356,0.0,0.08514851485148515
양천구,신월7동,248,316,62,44,57,0,79,0,155,0,154,163,234,85,0,0.657258064516129,0.25,0.1774193548387097,0.22983870967741934,0.0,0.740506329113924,0.25,0.0,0.49050632911392406,0.0,0.4873417721518987
양천구,신정1동,263,463,50,75,21,17,119,0,0,18,234,163,137,100,92,0.6197718631178707,0.19011406844106463,0.28517110266159695,0.07984790874524715,0.06463878326996197,0.2958963282937365,0.2570194384449244,0.0,0.0,0.038876889848812095,0.5053995680345572
양천구,신정2동,140,341,44,80,14,0,109,0,8,0,134,138,117,2,90,0.9857142857142858,0.3142857142857143,0.5714285714285714,0.1,0.0,0.34310850439882695,0.3196480938416422,0.0,0.02346041055718475,0.0,0.39296187683284456
양천구,신정3동,768,983,434,154,36,0,215,0,144,0,762,624,359,144,0,0.8125,0.5651041666666666,0.20052083333333334,0.046875,0.0,0.3652085452695829,0.21871820956256358,0.0,0.14649033570701933,0.0,0.775178026449644
양천구,신정4동,398,528,164,44,52,18,155,0,177,17,311,278,349,120,0,0.6984924623115578,0.4120603015075377,0.11055276381909548,0.1306532663316583,0.04522613065326633,0.6609848484848485,0.2935606060606061,0.0,0.3352272727272727,0.032196969696969696,0.5890151515151515
양천구,신정6동,359,567,32,64,62,21,35,0,114,35,320,179,184,180,63,0.4986072423398329,0.08913649025069638,0.17827298050139276,0.17270194986072424,0.0584958217270195,0.32451499118165783,0.06172839506172839,0.0,0.20105820105820105,0.06172839506172839,0.564373897707231
양천구,신정7동,398,589,167,110,0,16,192,0,0,10,519,293,202,105,0,0.7361809045226131,0.41959798994974873,0.27638190954773867,0.0,0.04020100502512563,0.34295415959252973,0.32597623089983024,0.0,0.0,0.01697792869269949,0.8811544991511036
영등포구,당산1동,401,366,138,60,144,17,146,0,92,4,344,359,242,42,0,0.8952618453865336,0.34413965087281795,0.14962593516209477,0.35910224438902744,0.04239401496259352,0.6612021857923497,0.3989071038251366,0.0,0.25136612021857924,0.01092896174863388,0.9398907103825137
영등포구,당산2동,824,860,246,115,69,17,187,0,79,11,94,447,277,377,489,0.5424757281553398,0.29854368932038833,0.1395631067961165,0.08373786407766991,0.02063106796116505,0.32209302325581396,0.21744186046511627,0.0,0.09186046511627907,0.012790697674418604,0.10930232558139535
영등포구,대림1동,256,304,116,17,65,0,111,0,127,0,140,198,238,58,0,0.7734375,0.453125,0.06640625,0.25390625,0.0,0.7828947368421053,0.3651315789473684,0.0,0.41776315789473684,0.0,0.4605263157894737
영등포구,대림2동,119,146,44,17,28,0,80,0,60,0,79,89,140,30,0,0.7478991596638656,0.3697478991596639,0.14285714285714285,0.23529411764705882,0.0,0.958904109589041,0.547945205479452,0.0,0.410958904109589,0.0,0.541095890410959
영등포구,대림3동,353,368,114,73,90,0,158,0,71,0,316,277,229,76,0,0.7847025495750708,0.32294617563739375,0.20679886685552407,0.254957507082153,0.0,0.6222826086956522,0.42934782608695654,0.0,0.19293478260869565,0.0,0.8586956521739131
영등포구,도림동,305,328,60,59,66,19,80,0,5,53,97,204,138,101,93,0.6688524590163935,0.19672131147540983,0.19344262295081968,0.21639344262295082,0.06229508196721312,0.42073170731707316,0.24390243902439024,0.0,0.01524390243902439,0.16158536585365854,0.29573170731707316
영등포구,문래동,862,1081,191,154,119,46,116,0,154,55,0,510,325,352,756,0.5916473317865429,0.22157772621809746,0.17865429234338748,0.13805104408352667,0.05336426914153132,0.30064754856614245,0.10730804810360776,0.0,0.14246068455134134,0.05087881591119334,0.0
영등포구,신길1동,168,178,143,37,91,0,204,0,158,0,97,271,362,0,0,1.0,0.8511904761904762,0.22023809523809523,0.5416666666666666,0.0,1.0,1.0,0.0,0.8876404494382022,0.0,0.5449438202247191
영등포구,신길3동,334,384,94,68,52,0,49,0,39,0,214,214,88,120,82,0.6407185628742516,0.281437125748503,0.20359281437125748,0.15568862275449102,0.0,0.22916666666666666,0.12760416666666666,0.0,0.1015625,0.0,0.5572916666666666
영등포구,신길4동,202,297,155,0,52,0,226,0,110,0,65,207,336,0,0,1.0,0.7673267326732673,0.0,0.25742574257425743,0.0,1.0,0.7609427609427609,0.0,0.37037037037037035,0.0,0.21885521885521886
영등포구,신길5동,206,306,104,0,0,0,97,0,0,0,283,104,97,102,0,0.5048543689320388,0.5048543689320388,0.0,0.0,0.0,0.31699346405228757,0.31699346405228757,0.0,0.0,0.0,0.9248366013071896
영등포구,신길6동,271,322,187,99,65,19,145,0,117,24,180,370,286,0,0,1.0,0.6900369003690037,0.36531365313653136,0.23985239852398524,0.07011070110701106,0.8881987577639752,0.4503105590062112,0.0,0.36335403726708076,0.07453416149068323,0.5590062111801242
영등포구,신길7동,550,677,114,95,39,19,165,0,48,24,171,267,237,283,269,0.48545454545454547,0.20727272727272728,0.17272727272727273,0.07090909090909091,0.034545454545454546,0.3500738552437223,0.24372230428360414,0.0,0.07090103397341212,0.03545051698670606,0.25258493353028066
영등포구,양평1동,433,383,104,74,87,0,113,0,50,0,195,265,163,168,25,0.6120092378752887,0.24018475750577367,0.17090069284064666,0.20092378752886836,0.0,0.4255874673629243,0.2950391644908616,0.0,0.13054830287206268,0.0,0.5091383812010444
영등포구,양평2동,577,502,137,122,0,77,87,0,0,85,119,336,172,241,211,0.5823223570190641,0.23743500866551126,0.21143847487001732,0.0,0.13344887348353554,0.3426294820717131,0.17330677290836655,0.0,0.0,0.1693227091633466,0.23705179282868527
영등포구,여의동,647,920,79,58,0,774,79,0,0,1058,426,911,1137,0,0,1.0,0.12210200927357033,0.08964451313755796,0.0,1.0,1.0,0.08586956521739131,0.0,0.0,1.0,0.46304347826086956
영등포구,영등포동,433,405,113,18,43,0,73,0,0,0,336,174,73,259,0,0.4018475750577367,0.26096997690531176,0.04157043879907621,0.09930715935334873,0.0,0.18024691358024691,0.18024691358024691,0.0,0.0,0.0,0.8296296296296296
영등포구,영등포본동,418,456,121,135,83,0,64,0,69,0,345,339,133,79,0,0.8110047846889952,0.2894736842105263,0.3229665071770335,0.19856459330143542,0.0,0.2916666666666667,0.14035087719298245,0.0,0.1513157894736842,0.0,0.756578947368421
용산구,남영동,35,74,39,0,0,36,75,0,0,35,0,75,110,0,0,1.0,1.0,0.0,0.0,1.0,1.0,1.0,0.0,0.0,0.47297297297297297,0.0
용산구,보광동,124,139,45,71,9,7,80,0,11,0,19,132,91,0,29,1.0,0.3629032258064516,0.5725806451612904,0.07258064516129033,0.056451612903225805,0.6546762589928058,0.5755395683453237,0.0,0.07913669064748201,0.0,0.1366906474820144
용산구,서빙고동,156,219,67,102,0,80,88,0,0,136,59,249,224,0,0,1.0,0.42948717948717946,0.6538461538461539,0.0,0.5128205128205128,1.0,0.4018264840182648,0.0,0.0,0.6210045662100456,0.2694063926940639
용산구,용문동,219,249,106,42,70,0,107,0,46,0,56,218,153,1,40,0.9954337899543378,0.4840182648401826,0.1917808219178082,0.319634703196347,0.0,0.6144578313253012,0.42971887550200805,0.0,0.18473895582329317,0.0,0.2248995983935743
용산구,용산2가동,99,120,38,0,0,0,65,0,0,0,0,38,65,61,55,0.3838383838383838,0.3838383838383838,0.0,0.0,0.0,0.5416666666666666,0.5416666666666666,0.0,0.0,0.0,0.0
용산구,원효로1동,416,407,116,36,57,32,100,0,10,21,89,241,131,175,187,0.5793269230769231,0.27884615384615385,0.08653846153846154,0.13701923076923078,0.07692307692307693,0.32186732186732187,0.2457002457002457,0.0,0.02457002457002457,0.051597051597051594,0.21867321867321868
용산구,원효로2동,251,273,98,46,0,0,81,0,0,0,366,144,81,107,0,0.5737051792828686,0.3904382470119522,0.18326693227091634,0.0,0.0,0.2967032967032967,0.2967032967032967,0.0,0.0,0.0,1.0
용산구,이촌1동,583,841,22,211,47,0,0,0,44,0,441,280,44,303,356,0.48027444253859347,0.03773584905660377,0.36192109777015435,0.08061749571183534,0.0,0.052318668252080855,0.0,0.0,0.052318668252080855,0.0,0.5243757431629013
용산구,이촌2동,208,159,82,22,28,0,38,0,13,0,0,132,51,76,108,0.6346153846153846,0.3942307692307692,0.10576923076923077,0.1346153846153846,0.0,0.32075471698113206,0.2389937106918239,0.0,0.08176100628930817,0.0,0.0
용산구,이태원1동,65,78,66,30,24,37,47,0,33,71,0,157,151,0,0,1.0,1.0,0.46153846153846156,0.36923076923076925,0.5692307692307692,1.0,0.6025641025641025,0.0,0.4230769230769231,0.9102564102564102,0.0
용산구,이태원2동,101,149,66,0,0,16,47,0,0,34,96,82,81,19,0,0.8118811881188119,0.6534653465346535,0.0,0.0,0.15841584158415842,0.5436241610738255,0.31543624161073824,0.0,0.0,0.22818791946308725,0.6442953020134228
용산구,청파동,159,200,74,16,87,39,114,0,70,71,27,216,255,0,0,1.0,0.46540880503144655,0.10062893081761007,0.5471698113207547,0.24528301886792453,1.0,0.57,0.0,0.35,0.355,0.135
용산구,한강로동,362,365,86,67,0,186,105,0,0,178,217,339,283,23,0,0.93646408839779,0.23756906077348067,0.1850828729281768,0.0,0.5138121546961326,0.7753424657534247,0.2876712328767123,0.0,0.0,0.4876712328767123,0.5945205479452055
용산구,한남동,335,389,56,26,52,54,82,0,48,50,49,188,180,147,160,0.5611940298507463,0.16716417910447762,0.07761194029850746,0.15522388059701492,0.16119402985074627,0.46272493573264784,0.21079691516709512,0.0,0.12339331619537275,0.12853470437017994,0.12596401028277635
용산구,효창동,224,251,71,21,79,0,36,0,116,0,0,171,152,53,99,0.7633928571428571,0.3169642857142857,0.09375,0.35267857142857145,0.0,0.6055776892430279,0.14342629482071714,0.0,0.46215139442231074,0.0,0.0
용산구,후암동,218,303,50,32,36,15,92,0,62,29,90,133,183,85,30,0.6100917431192661,0.22935779816513763,0.14678899082568808,0.1651376146788991,0.06880733944954129,0.6039603960396039,0.30363036303630364,0.0,0.20462046204620463,0.09570957095709572,0.297029702970297
은평구,갈현1동,225,306,57,14,64,7,56,0,121,24,36,142,201,83,69,0.6311111111111111,0.25333333333333335,0.06222222222222222,0.28444444444444444,0.03111111111111111,0.6568627450980392,0.1830065359477124,0.0,0.3954248366013072,0.0784313725490196,0.11764705882352941
은평구,갈현2동,363,493,175,23,44,9,104,0,215,9,366,251,328,112,0,0.6914600550964187,0.4820936639118457,0.06336088154269973,0.12121212121212122,0.024793388429752067,0.665314401622718,0.21095334685598377,0.0,0.43610547667342797,0.018255578093306288,0.742393509127789
은평구,구산동,366,593,126,9,81,0,115,0,161,0,261,216,276,150,56,0.5901639344262295,0.3442622950819672,0.02459016393442623,0.22131147540983606,0.0,0.4654300168634064,0.19392917369308602,0.0,0.2715008431703204,0.0,0.44013490725126475
은평구,녹번동,664,789,164,26,207,24,221,0,229,47,366,421,497,243,0,0.6340361445783133,0.2469879518072289,0.0391566265060241,0.3117469879518072,0.03614457831325301,0.6299112801013942,0.28010139416983526,0.0,0.2902408111533587,0.059569074778200254,0.46387832699619774
은평구,대조동,296,348,75,21,120,0,8,0,268,0,0,216,276,80,72,0.7297297297297297,0.2533783783783784,0.07094594594594594,0.40540540540540543,0.0,0.7931034482758621,0.022988505747126436,0.0,0.7701149425287356,0.0,0.0
은평구,불광1동,591,745,166,70,175,17,119,0,161,11,117,428,291,163,337,0.7241962774957699,0.2808798646362098,0.11844331641285956,0.2961082910321489,0.028764805414551606,0.3906040268456376,0.1597315436241611,0.0,0.21610738255033557,0.01476510067114094,0.15704697986577182
은평구,불광2동,315,335,76,26,46,0,107,5,117,0,94,148,229,167,12,0.46984126984126984,0.24126984126984127,0.08253968253968254,0.14603174603174604,0.0,0.6835820895522388,0.3194029850746269,0.014925373134328358,0.3492537313432836,0.0,0.28059701492537314
은평구,수색동,200,248,33,26,0,0,41,0,0,0,98,59,41,141,109,0.295,0.165,0.13,0.0,0.0,0.16532258064516128,0.16532258064516128,0.0,0.0,0.0,0.3951612903225806
은평구,신사1동,420,517,84,25,149,0,76,0,142,0,271,258,218,162,28,0.6142857142857143,0.2,0.05952380952380952,0.3547619047619048,0.0,0.42166344294003866,0.1470019342359768,0.0,0.2746615087040619,0.0,0.5241779497098646
은평구,신사2동,258,339,93,0,80,0,10,0,213,0,122,173,223,85,0,0.6705426356589147,0.36046511627906974,0.0,0.31007751937984496,0.0,0.6578171091445427,0.029498525073746312,0.0,0.6283185840707964,0.0,0.35988200589970504
은평구,역촌동,599,820,145,59,120,14,286,5,185,49,339,338,525,261,0,0.5642737896494157,0.24207011686143573,0.09849749582637729,0.2003338898163606,0.02337228714524207,0.6402439024390244,0.348780487804878,0.006097560975609756,0.22560975609756098,0.05975609756097561,0.41341463414634144
은평구,응암1동,573,756,173,2,291,0,150,0,362,0,112,466,512,107,132,0.8132635253054101,0.3019197207678883,0.0034904013961605585,0.5078534031413613,0.0,0.6772486772486772,0.1984126984126984,0.0,0.47883597883597884,0.0,0.14814814814814814
은평구,응암2동,872,1055,266,91,114,0,225,0,138,0,359,471,363,401,333,0.5401376146788991,0.30504587155963303,0.10435779816513761,0.13073394495412843,0.0,0.34407582938388626,0.2132701421800948,0.0,0.13080568720379146,0.0,0.3402843601895735
은평구,응암3동,251,288,51,0,129,5,49,0,149,24,305,185,222,66,0,0.7370517928286853,0.20318725099601595,0.0,0.5139442231075697,0.0199203187250996,0.7708333333333334,0.1701388888888889,0.0,0.5173611111111112,0.08333333333333333,1.0
은평구,증산동,197,228,39,90,14,0,39,0,61,0,55,143,100,54,73,0.7258883248730964,0.19796954314720813,0.45685279187817257,0.07106598984771574,0.0,0.43859649122807015,0.17105263157894737,0.0,0.2675438596491228,0.0,0.2412280701754386
은평구,진관동,817,1325,317,72,300,29,100,0,238,7,1055,718,345,99,0,0.8788249694002448,0.3880048959608323,0.08812729498164015,0.3671970624235006,0.03549571603427173,0.26037735849056604,0.07547169811320754,0.0,0.17962264150943397,0.005283018867924529,0.7962264150943397
종로구,가회동,35,57,15,0,14,21,22,0,19,8,40,50,49,0,0,1.0,0.42857142857142855,0.0,0.4,0.6,0.8596491228070176,0.38596491228070173,0.0,0.3333333333333333,0.14035087719298245,0.7017543859649122
종로구,교남동,227,275,149,0,0,38,55,0,0,16,0,187,71,40,204,0.8237885462555066,0.6563876651982379,0.0,0.0,0.16740088105726872,0.2581818181818182,0.2,0.0,0.0,0.05818181818181818,0.0
종로구,무악동,126,221,82,0,0,0,98,0,0,0,210,82,98,44,0,0.6507936507936508,0.6507936507936508,0.0,0.0,0.0,0.4434389140271493,0.4434389140271493,0.0,0.0,0.0,0.9502262443438914
종로구,부암동,99,173,39,0,0,9,58,0,0,0,226,48,58,51,0,0.48484848484848486,0.3939393939393939,0.0,0.0,0.09090909090909091,0.3352601156069364,0.3352601156069364,0.0,0.0,0.0,1.0
종로구,사직동,105,179,88,0,33,221,83,0,5,260,46,342,348,0,0,1.0,0.8380952380952381,0.0,0.3142857142857143,1.0,1.0,0.46368715083798884,0.0,0.027932960893854747,1.0,0.2569832402234637
종로구,삼청동,21,34,9,0,14,7,11,0,19,4,0,30,34,0,0,1.0,0.42857142857142855,0.0,0.6666666666666666,0.3333333333333333,1.0,0.3235294117647059,0.0,0.5588235294117647,0.11764705882352941,0.0
종로구,숭인1동,55,81,73,5,0,0,93,0,0,0,0,78,93,0,0,1.0,1.0,0.09090909090909091,0.0,0.0,1.0,1.0,0.0,0.0,0.0,0.0
종로구,숭인2동,71,93,65,5,0,0,77,0,0,0,0,70,77,1,16,0.9859154929577465,0.9154929577464789,0.07042253521126761,0.0,0.0,0.8279569892473119,0.8279569892473119,0.0,0.0,0.0,0.0
종로구,이화동,59,61,43,0,0,27,47,0,0,29,0,70,76,0,0,1.0,0.7288135593220338,0.0,0.0,0.4576271186440678,1.0,0.7704918032786885,0.0,0.0,0.47540983606557374,0.0
종로구,종로1.2.3.4가동,53,57,43,0,29,156,28,0,8,163,74,228,199,0,0,1.0,0.8113207547169812,0.0,0.5471698113207547,1.0,1.0,0.49122807017543857,0.0,0.14035087719298245,1.0,1.0
종로구,창신1동,32,39,22,19,0,18,13,0,0,15,29,59,28,0,0,1.0,0.6875,0.59375,0.0,0.5625,0.717948717948718,0.3333333333333333,0.0,0.0,0.38461538461538464,0.7435897435897436
종로구,창신2동,68,69,51,0,0,0,63,0,0,0,0,51,63,17,6,0.75,0.75,0.0,0.0,0.0,0.9130434782608695,0.9130434782608695,0.0,0.0,0.0,0.0
종로구,창신3동,113,112,87,0,0,0,106,0,0,0,46,87,106,26,0,0.7699115044247787,0.7699115044247787,0.0,0.0,0.0,0.9464285714285714,0.9464285714285714,0.0,0.0,0.0,0.4107142857142857
종로구,청운효자동,176,255,97,0,0,82,79,0,0,108,186,179,187,0,0,1.0,0.5511363636363636,0.0,0.0,0.4659090909090909,0.7333333333333333,0.30980392156862746,0.0,0.0,0.4235294117647059,0.7294117647058823
종로구,평창동,259,354,49,16,28,0,70,0,0,0,98,93,70,166,186,0.3590733590733591,0.1891891891891892,0.06177606177606178,0.10810810810810811,0.0,0.1977401129943503,0.1977401129943503,0.0,0.0,0.0,0.2768361581920904
종로구,혜화동,115,182,63,0,8,0,79,0,0,0,162,71,79,44,0,0.6173913043478261,0.5478260869565217,0.0,0.06956521739130435,0.0,0.4340659340659341,0.4340659340659341,0.0,0.0,0.0,0.8901098901098901
중구,광희동,36,35,17,0,0,85,21,0,0,88,0,102,109,0,0,1.0,0.4722222222222222,0.0,0.0,1.0,1.0,0.6,0.0,0.0,1.0,0.0
중구,다산동,152,175,31,9,23,10,60,0,12,31,187,73,103,79,0,0.48026315789473684,0.20394736842105263,0.05921052631578947,0.1513157894736842,0.06578947368421052,0.5885714285714285,0.34285714285714286,0.0,0.06857142857142857,0.17714285714285713,1.0
중구,동화동,180,237,94,0,42,0,73,0,31,0,0,136,104,44,133,0.7555555555555555,0.5222222222222223,0.0,0.23333333333333334,0.0,0.4388185654008439,0.3080168776371308,0.0,0.1308016877637131,0.0,0.0
중구,명동,16,18,0,0,0,207,0,0,0,260,125,207,260,0,0,1.0,0.0,0.0,0.0,1.0,1.0,0.0,0.0,0.0,1.0,1.0
중구,소공동,34,39,0,0,0,127,0,0,0,146,0,127,146,0,0,1.0,0.0,0.0,0.0,1.0,1.0,0.0,0.0,0.0,1.0,0.0
중구,신당5동,155,176,72,11,42,15,65,0,31,0,62,140,96,15,18,0.9032258064516129,0.4645161290322581,0.07096774193548387,0.2709677419354839,0.0967741935483871,0.5454545454545454,0.3693181818181818,0.0,0.17613636363636365,0.0,0.3522727272727273
중구,신당동,88,89,35,0,0,26,66,0,0,60,33,61,126,27,0,0.6931818181818182,0.3977272727272727,0.0,0.0,0.29545454545454547,1.0,0.7415730337078652,0.0,0.0,0.6741573033707865,0.3707865168539326
중구,약수동,274,366,88,20,20,64,87,0,63,0,96,192,150,82,120,0.7007299270072993,0.32116788321167883,0.072992700729927,0.072992700729927,0.23357664233576642,0.4098360655737705,0.23770491803278687,0.0,0.1721311475409836,0.0,0.26229508196721313
중구,을지로동,13,15,0,0,0,55,0,0,0,20,0,55,20,0,0,1.0,0.0,0.0,0.0,1.0,1.0,0.0,0.0,0.0,1.0,0.0
중구,장충동,41,61,11,0,0,16,21,0,0,29,26,27,50,14,0,0.6585365853658537,0.2682926829268293,0.0,0.0,0.3902439024390244,0.819672131147541,0.3442622950819672,0.0,0.0,0.47540983606557374,0.4262295081967213
중구,중림동,337,349,109,39,0,23,97,0,0,28,74,171,125,166,150,0.5074183976261127,0.32344213649851633,0.11572700296735905,0.0,0.06824925816023739,0.35816618911174786,0.27793696275071633,0.0,0.0,0.08022922636103152,0.21203438395415472
중구,청구동,218,211,50,30,0,34,42,0,0,0,107,114,42,104,62,0.5229357798165137,0.22935779816513763,0.13761467889908258,0.0,0.1559633027522936,0.1990521327014218,0.1990521327014218,0.0,0.0,0.0,0.5071090047393365
중구,필동,36,60,38,0,0,0,59,0,0,0,258,38,59,0,0,1.0,1.0,0.0,0.0,0.0,0.9833333333333333,0.9833333333333333,0.0,0.0,0.0,1.0
중구,황학동,243,261,111,40,0,0,100,0,0,0,0,151,100,92,161,0.6213991769547325,0.4567901234567901,0.1646090534979424,0.0,0.0,0.3831417624521073,0.3831417624521073,0.0,0.0,0.0,0.0
중구,회현동,36,59,29,0,0,77,35,0,0,56,30,106,91,0,0,1.0,0.8055555555555556,0.0,0.0,1.0,1.0,0.5932203389830508,0.0,0.0,0.9491525423728814,0.5084745762711864
중랑구,망우3동,184,269,38,0,105,0,79,0,164,0,14,143,243,41,12,0.7771739130434783,0.20652173913043478,0.0,0.5706521739130435,0.0,0.9033457249070632,0.2936802973977695,0.0,0.6096654275092936,0.0,0.05204460966542751
중랑구,망우본동,410,462,158,24,148,0,136,10,204,0,266,330,350,80,0,0.8048780487804879,0.3853658536585366,0.05853658536585366,0.36097560975609755,0.0,0.7575757575757576,0.2943722943722944,0.021645021645021644,0.44155844155844154,0.0,0.5757575757575758
중랑구,면목2동,306,408,80,30,126,0,70,0,146,0,229,236,216,70,0,0.7712418300653595,0.26143790849673204,0.09803921568627451,0.4117647058823529,0.0,0.5294117647058824,0.1715686274509804,0.0,0.35784313725490197,0.0,0.5612745098039216
중랑구,면목3.8동,317,340,193,22,117,0,220,14,91,0,49,332,325,0,0,1.0,0.6088328075709779,0.0694006309148265,0.36908517350157727,0.0,0.9558823529411765,0.6470588235294118,0.041176470588235294,0.2676470588235294,0.0,0.14411764705882352
중랑구,면목4동,259,333,75,20,77,0,103,0,41,0,117,172,144,87,72,0.6640926640926641,0.28957528957528955,0.07722007722007722,0.2972972972972973,0.0,0.43243243243243246,0.30930930930930933,0.0,0.12312312312312312,0.0,0.35135135135135137
중랑구,면목5동,381,500,56,0,26,0,54,0,62,0,0,82,116,299,384,0.2152230971128609,0.14698162729658792,0.0,0.06824146981627296,0.0,0.232,0.108,0.0,0.124,0.0,0.0
중랑구,면목7동,348,395,113,34,106,0,61,0,204,0,112,253,265,95,18,0.7270114942528736,0.32471264367816094,0.09770114942528736,0.3045977011494253,0.0,0.6708860759493671,0.15443037974683543,0.0,0.5164556962025316,0.0,0.28354430379746837
중랑구,면목본동,446,502,55,16,210,0,89,0,229,0,282,281,318,165,0,0.6300448430493274,0.12331838565022421,0.03587443946188341,0.47085201793721976,0.0,0.6334661354581673,0.17729083665338646,0.0,0.45617529880478086,0.0,0.5617529880478087
중랑구,묵1동,478,754,114,116,65,9,158,0,50,15,179,304,223,174,352,0.6359832635983264,0.2384937238493724,0.24267782426778242,0.13598326359832635,0.01882845188284519,0.2957559681697613,0.20954907161803712,0.0,0.06631299734748011,0.01989389920424403,0.23740053050397877
중랑구,묵2동,302,346,63,49,36,0,48,0,59,0,42,148,107,154,197,0.4900662251655629,0.20860927152317882,0.16225165562913907,0.11920529801324503,0.0,0.3092485549132948,0.13872832369942195,0.0,0.17052023121387283,0.0,0.12138728323699421
중랑구,상봉1동,464,580,100,78,88,14,101,0,119,49,341,280,269,184,0,0.603448275862069,0.21551724137931033,0.16810344827586207,0.1896551724137931,0.03017241379310345,0.46379310344827585,0.17413793103448275,0.0,0.20517241379310344,0.08448275862068966,0.5879310344827586
중랑구,상봉2동,297,230,23,0,81,37,35,0,40,108,135,141,183,156,0,0.47474747474747475,0.07744107744107744,0.0,0.2727272727272727,0.12457912457912458,0.7956521739130434,0.15217391304347827,0.0,0.17391304347826086,0.46956521739130436,0.5869565217391305
중랑구,신내1동,658,961,233,163,116,27,272,0,202,51,270,539,525,119,166,0.8191489361702128,0.3541033434650456,0.24772036474164133,0.1762917933130699,0.041033434650455926,0.54630593132154,0.28303850156087407,0.0,0.21019771071800208,0.053069719042663895,0.2809573361082206
중랑구,신내2동,352,416,100,127,43,50,21,0,127,85,444,320,233,32,0,0.9090909090909091,0.2840909090909091,0.36079545454545453,0.12215909090909091,0.14204545454545456,0.5600961538461539,0.05048076923076923,0.0,0.30528846153846156,0.20432692307692307,1.0
중랑구,중화1동,354,395,64,111,88,0,67,0,65,0,359,263,132,91,0,0.7429378531073446,0.1807909604519774,0.3135593220338983,0.24858757062146894,0.0,0.3341772151898734,0.16962025316455695,0.0,0.16455696202531644,0.0,0.9088607594936708
중랑구,중화2동,309,334,85,13,66,0,127,0,63,0,173,164,190,145,0,0.5307443365695793,0.2750809061488673,0.042071197411003236,0.21359223300970873,0.0,0.5688622754491018,0.38023952095808383,0.0,0.18862275449101795,0.0,0.5179640718562875
종로구,종로5·6가동,26,41,0,0,29,19,0,0,8,46,60,48,54,0,0,1.0,0.0,0.0,1.0,0.7307692307692307,1.0,0.0,0.0,0.1951219512195122,1.0,1.0
송파구,잠실7동,121,185,0,0,0,0,0,0,0,0,44,0,0,121,141,0.0,0.0,0.0,0.0,0.0,0.0,0.0,0.0,0.0,0.0,0.23783783783783785
강동구,상일동,902,1388,380,187,97,84,493,0,66,88,936,748,647,154,0,0.8292682926829268,0.4212860310421286,0.2073170731707317,0.10753880266075388,0.09312638580931264,0.4661383285302594,0.35518731988472624,0.0,0.04755043227665706,0.06340057636887608,0.6743515850144092
