,행정동코드,시도명,시군구명,읍면동명,법정동코드,동리명
0,1100000000,서울특별시,-,-,1100000000,서울특별시
1,1111000000,서울특별시,종로구,-,1111000000,종로구
2,1111000000,서울특별시,종로구,-,1111090100,창신1동
3,1111000000,서울특별시,종로구,-,1111090200,창신2동
4,1111000000,서울특별시,종로구,-,1111090300,창신3동
5,1111000000,서울특별시,종로구,-,1111090400,숭인1동
6,1111000000,서울특별시,종로구,-,1111090500,숭인2동
7,1111051000,서울특별시,종로구,청운동,1111010100,청운동
8,1111051000,서울특별시,종로구,청운동,1111010200,신교동
9,1111051000,서울특별시,종로구,청운동,1111010300,궁정동
10,1111051000,서울특별시,종로구,청운동,1111011900,세종로
11,1111051500,서울특별시,종로구,청운효자동,1111010100,청운동
12,1111051500,서울특별시,종로구,청운효자동,1111010200,신교동
13,1111051500,서울특별시,종로구,청운효자동,1111010300,궁정동
14,1111051500,서울특별시,종로구,청운효자동,1111010400,효자동
15,1111051500,서울특별시,종로구,청운효자동,1111010500,창성동
16,1111051500,서울특별시,종로구,청운효자동,1111010800,통인동
17,1111051500,서울특별시,종로구,청운효자동,1111010900,누상동
18,1111051500,서울특별시,종로구,청운효자동,1111011000,누하동
19,1111051500,서울특별시,종로구,청운효자동,1111011100,옥인동
20,1111051500,서울특별시,종로구,청운효자동,1111011900,세종로
21,1111052000,서울특별시,종로구,효자동,1111010400,효자동
22,1111052000,서울특별시,종로구,효자동,1111010500,창성동
23,1111052000,서울특별시,종로구,효자동,1111010800,통인동
24,1111052000,서울특별시,종로구,효자동,1111010900,누상동
25,1111052000,서울특별시,종로구,효자동,1111011000,누하동
26,1111052000,서울특별시,종로구,효자동,1111011100,옥인동
27,1111053000,서울특별시,종로구,사직동,1111010600,통의동
28,1111053000,서울특별시,종로구,사직동,1111010700,적선동
29,1111053000,서울특별시,종로구,사직동,1111011200,체부동
30,1111053000,서울특별시,종로구,사직동,1111011300,필운동
31,1111053000,서울특별시,종로구,사직동,1111011400,내자동
32,1111053000,서울특별시,종로구,사직동,1111011500,사직동
33,1111053000,서울특별시,종로구,사직동,1111011600,도렴동
34,1111053000,서울특별시,종로구,사직동,1111011700,당주동
35,1111053000,서울특별시,종로구,사직동,1111011800,내수동
36,1111053000,서울특별시,종로구,사직동,1111011900,세종로
37,1111053000,서울특별시,종로구,사직동,1111012000,신문로1가
38,1111053000,서울특별시,종로구,사직동,1111012100,신문로2가
39,1111054000,서울특별시,종로구,삼청동,1111013900,팔판동
40,1111054000,서울특별시,종로구,삼청동,1111014000,삼청동
41,1111054000,서울특별시,종로구,삼청동,1111014100,안국동
42,1111054000,서울특별시,종로구,삼청동,1111014200,소격동
43,1111054000,서울특별시,종로구,삼청동,1111014300,화동
44,1111054000,서울특별시,종로구,삼청동,1111014400,사간동
45,1111054000,서울특별시,종로구,삼청동,1111014500,송현동
46,1111055000,서울특별시,종로구,부암동,1111018400,부암동
47,1111055000,서울특별시,종로구,부암동,1111018500,홍지동
48,1111055000,서울특별시,종로구,부암동,1111018600,신영동
49,1111056000,서울특별시,종로구,평창동,1111018200,구기동
50,1111056000,서울특별시,종로구,평창동,1111018300,평창동
51,1111057000,서울특별시,종로구,무악동,1111018700,무악동
52,1111058000,서울특별시,종로구,교남동,1111017600,교남동
53,1111058000,서울특별시,종로구,교남동,1111017700,평동
54,1111058000,서울특별시,종로구,교남동,1111017800,송월동
55,1111058000,서울특별시,종로구,교남동,1111017900,홍파동
56,1111058000,서울특별시,종로구,교남동,1111018000,교북동
57,1111058000,서울특별시,종로구,교남동,1111018100,행촌동
58,1111059000,서울특별시,종로구,세종로동,1111011600,도렴동
59,1111059000,서울특별시,종로구,세종로동,1111011700,당주동
60,1111059000,서울특별시,종로구,세종로동,1111011800,내수동
61,1111059000,서울특별시,종로구,세종로동,1111011900,세종로
62,1111059000,서울특별시,종로구,세종로동,1111012000,신문로1가
63,1111059000,서울특별시,종로구,세종로동,1111012100,신문로2가
64,1111060000,서울특별시,종로구,가회동,1111014600,가회동
65,1111060000,서울특별시,종로구,가회동,1111014700,재동
66,1111060000,서울특별시,종로구,가회동,1111014800,계동
67,1111060000,서울특별시,종로구,가회동,1111014900,원서동
68,1111061000,서울특별시,종로구,종로1.2가동,1111012200,청진동
69,1111061000,서울특별시,종로구,종로1.2가동,1111012300,서린동
70,1111061000,서울특별시,종로구,종로1.2가동,1111012400,수송동
71,1111061000,서울특별시,종로구,종로1.2가동,1111012500,중학동
72,1111061000,서울특별시,종로구,종로1.2가동,1111012600,종로1가
73,1111061000,서울특별시,종로구,종로1.2가동,1111012700,공평동
74,1111061000,서울특별시,종로구,종로1.2가동,1111012800,관훈동
75,1111061000,서울특별시,종로구,종로1.2가동,1111012900,견지동
76,1111061000,서울특별시,종로구,종로1.2가동,1111013000,와룡동
77,1111061000,서울특별시,종로구,종로1.2가동,1111013100,권농동
78,1111061000,서울특별시,종로구,종로1.2가동,1111013200,운니동
79,1111061000,서울특별시,종로구,종로1.2가동,1111013300,익선동
80,1111061000,서울특별시,종로구,종로1.2가동,1111013400,경운동
81,1111061000,서울특별시,종로구,종로1.2가동,1111013500,관철동
82,1111061000,서울특별시,종로구,종로1.2가동,1111013600,인사동
83,1111061000,서울특별시,종로구,종로1.2가동,1111013700,낙원동
84,1111061000,서울특별시,종로구,종로1.2가동,1111013800,종로2가
85,1111061500,서울특별시,종로구,종로1.2.3.4가동,1111011900,세종로
86,1111061500,서울특별시,종로구,종로1.2.3.4가동,1111012200,청진동
87,1111061500,서울특별시,종로구,종로1.2.3.4가동,1111012300,서린동
88,1111061500,서울특별시,종로구,종로1.2.3.4가동,1111012400,수송동
89,1111061500,서울특별시,종로구,종로1.2.3.4가동,1111012500,중학동
90,1111061500,서울특별시,종로구,종로1.2.3.4가동,1111012600,종로1가
91,1111061500,서울특별시,종로구,종로1.2.3.4가동,1111012700,공평동
92,1111061500,서울특별시,종로구,종로1.2.3.4가동,1111012800,관훈동
93,1111061500,서울특별시,종로구,종로1.2.3.4가동,1111012900,견지동
94,1111061500,서울특별시,종로구,종로1.2.3.4가동,1111013000,와룡동
95,1111061500,서울특별시,종로구,종로1.2.3.4가동,1111013100,권농동
96,1111061500,서울특별시,종로구,종로1.2.3.4가동,1111013200,운니동
97,1111061500,서울특별시,종로구,종로1.2.3.4가동,1111013300,익선동
98,1111061500,서울특별시,종로구,종로1.2.3.4가동,1111013400,경운동
99,1111061500,서울특별시,종로구,종로1.2.3.4가동,1111013500,관철동
100,1111061500,서울특별시,종로구,종로1.2.3.4가동,1111013600,인사동
101,1111061500,서울특별시,종로구,종로1.2.3.4가동,1111013700,낙원동
102,1111061500,서울특별시,종로구,종로1.2.3.4가동,1111013800,종로2가
103,1111061500,서울특별시,종로구,종로1.2.3.4가동,1111015000,훈정동
104,1111061500,서울특별시,종로구,종로1.2.3.4가동,1111015100,묘동
105,1111061500,서울특별시,종로구,종로1.2.3.4가동,1111015200,봉익동
106,1111061500,서울특별시,종로구,종로1.2.3.4가동,1111015300,돈의동
107,1111061500,서울특별시,종로구,종로1.2.3.4가동,1111015400,장사동
108,1111061500,서울특별시,종로구,종로1.2.3.4가동,1111015500,관수동
109,1111061500,서울특별시,종로구,종로1.2.3.4가동,1111015600,종로3가
110,1111061500,서울특별시,종로구,종로1.2.3.4가동,1111015700,인의동
111,1111061500,서울특별시,종로구,종로1.2.3.4가동,1111015800,예지동
112,1111061500,서울특별시,종로구,종로1.2.3.4가동,1111015900,원남동
113,1111061500,서울특별시,종로구,종로1.2.3.4가동,1111016100,종로4가
114,1111062000,서울특별시,종로구,종로3.4가동,1111015000,훈정동
115,1111062000,서울특별시,종로구,종로3.4가동,1111015100,묘동
116,1111062000,서울특별시,종로구,종로3.4가동,1111015200,봉익동
117,1111062000,서울특별시,종로구,종로3.4가동,1111015300,돈의동
118,1111062000,서울특별시,종로구,종로3.4가동,1111015400,장사동
119,1111062000,서울특별시,종로구,종로3.4가동,1111015500,관수동
120,1111062000,서울특별시,종로구,종로3.4가동,1111015600,종로3가
121,1111062000,서울특별시,종로구,종로3.4가동,1111015700,인의동
122,1111062000,서울특별시,종로구,종로3.4가동,1111015800,예지동
123,1111062000,서울특별시,종로구,종로3.4가동,1111015900,원남동
124,1111062000,서울특별시,종로구,종로3.4가동,1111016100,종로4가
125,1111063000,서울특별시,종로구,종로5.6가동,1111016000,연지동
126,1111063000,서울특별시,종로구,종로5.6가동,1111016200,효제동
127,1111063000,서울특별시,종로구,종로5.6가동,1111016300,종로5가
128,1111063000,서울특별시,종로구,종로5.6가동,1111016400,종로6가
129,1111063000,서울특별시,종로구,종로5.6가동,1111016700,충신동
130,1111064000,서울특별시,종로구,이화동,1111016500,이화동
131,1111064000,서울특별시,종로구,이화동,1111016600,연건동
132,1111064000,서울특별시,종로구,이화동,1111016800,동숭동
133,1111065000,서울특별시,종로구,혜화동,1111013000,와룡동
134,1111065000,서울특별시,종로구,혜화동,1111016900,혜화동
135,1111065000,서울특별시,종로구,혜화동,1111017000,명륜1가
136,1111065000,서울특별시,종로구,혜화동,1111017100,명륜2가
137,1111065000,서울특별시,종로구,혜화동,1111017200,명륜4가
138,1111065000,서울특별시,종로구,혜화동,1111017300,명륜3가
139,1111066000,서울특별시,종로구,명륜3가동,1111017300,명륜3가
140,1111067000,서울특별시,종로구,창신제1동,1111017400,창신동
141,1111068000,서울특별시,종로구,창신제2동,1111017400,창신동
142,1111069000,서울특별시,종로구,창신제3동,1111017400,창신동
143,1111070000,서울특별시,종로구,숭인제1동,1111017500,숭인동
144,1111071000,서울특별시,종로구,숭인제2동,1111017500,숭인동
145,1114000000,서울특별시,중구,-,1114000000,중구
146,1114000000,서울특별시,중구,-,1114000100,동자동
147,1114000000,서울특별시,중구,-,1114000200,도동1가
148,1114000000,서울특별시,중구,-,1114000300,도동2가
149,1114000000,서울특별시,중구,-,1114000400,양동
150,1114000000,서울특별시,중구,-,1114090100,신당1동
151,1114000000,서울특별시,중구,-,1114090200,신당2동
152,1114000000,서울특별시,중구,-,1114090300,신당3동
153,1114000000,서울특별시,중구,-,1114090400,신당4동
154,1114000000,서울특별시,중구,-,1114090500,신당5동
155,1114000000,서울특별시,중구,-,1114090600,신당6동
156,1114051000,서울특별시,중구,태평로1가동,1114010100,무교동
157,1114051000,서울특별시,중구,태평로1가동,1114010200,다동
158,1114051000,서울특별시,중구,태평로1가동,1114010300,태평로1가
159,1114051000,서울특별시,중구,태평로1가동,1114010400,을지로1가
160,1114051000,서울특별시,중구,태평로1가동,1114010500,을지로2가
161,1114051000,서울특별시,중구,태평로1가동,1114010600,남대문로1가
162,1114051000,서울특별시,중구,태평로1가동,1114010700,삼각동
163,1114051000,서울특별시,중구,태평로1가동,1114010800,수하동
164,1114051000,서울특별시,중구,태평로1가동,1114010900,장교동
165,1114051000,서울특별시,중구,태평로1가동,1114011000,수표동
166,1114051000,서울특별시,중구,태평로1가동,1114011500,남대문로2가
167,1114052000,서울특별시,중구,소공동,1114011100,소공동
168,1114052000,서울특별시,중구,소공동,1114011300,북창동
169,1114052000,서울특별시,중구,소공동,1114011400,태평로2가
170,1114052000,서울특별시,중구,소공동,1114011500,남대문로2가
171,1114052000,서울특별시,중구,소공동,1114011600,남대문로3가
172,1114052000,서울특별시,중구,소공동,1114011700,남대문로4가
173,1114052000,서울특별시,중구,소공동,1114011900,봉래동1가
174,1114052000,서울특별시,중구,소공동,1114016600,서소문동
175,1114052000,서울특별시,중구,소공동,1114016700,정동
176,1114052000,서울특별시,중구,소공동,1114016800,순화동
177,1114052000,서울특별시,중구,소공동,1114016900,의주로1가
178,1114052000,서울특별시,중구,소공동,1114017000,충정로1가
179,1114053000,서울특별시,중구,남대문로5가동,1114011800,남대문로5가
180,1114053000,서울특별시,중구,남대문로5가동,1114011900,봉래동1가
181,1114053000,서울특별시,중구,남대문로5가동,1114012000,봉래동2가
182,1114053000,서울특별시,중구,남대문로5가동,1114016800,순화동
183,1114054000,서울특별시,중구,회현동,1114011200,남창동
184,1114054000,서울특별시,중구,회현동,1114011600,남대문로3가
185,1114054000,서울특별시,중구,회현동,1114011700,남대문로4가
186,1114054000,서울특별시,중구,회현동,1114011800,남대문로5가
187,1114054000,서울특별시,중구,회현동,1114011900,봉래동1가
188,1114054000,서울특별시,중구,회현동,1114012000,봉래동2가
189,1114054000,서울특별시,중구,회현동,1114012100,회현동1가
190,1114054000,서울특별시,중구,회현동,1114012200,회현동2가
191,1114054000,서울특별시,중구,회현동,1114012300,회현동3가
192,1114054000,서울특별시,중구,회현동,1114012400,충무로1가
193,1114054000,서울특별시,중구,회현동,1114016800,순화동
194,1114055000,서울특별시,중구,명동,1114010100,무교동
195,1114055000,서울특별시,중구,명동,1114010200,다동
196,1114055000,서울특별시,중구,명동,1114010300,태평로1가
197,1114055000,서울특별시,중구,명동,1114010400,을지로1가
198,1114055000,서울특별시,중구,명동,1114010500,을지로2가
199,1114055000,서울특별시,중구,명동,1114010600,남대문로1가
200,1114055000,서울특별시,중구,명동,1114010700,삼각동
201,1114055000,서울특별시,중구,명동,1114010800,수하동
202,1114055000,서울특별시,중구,명동,1114010900,장교동
203,1114055000,서울특별시,중구,명동,1114011000,수표동
204,1114055000,서울특별시,중구,명동,1114011500,남대문로2가
205,1114055000,서울특별시,중구,명동,1114012100,회현동1가
206,1114055000,서울특별시,중구,명동,1114012200,회현동2가
207,1114055000,서울특별시,중구,명동,1114012300,회현동3가
208,1114055000,서울특별시,중구,명동,1114012400,충무로1가
209,1114055000,서울특별시,중구,명동,1114012500,충무로2가
210,1114055000,서울특별시,중구,명동,1114012600,명동1가
211,1114055000,서울특별시,중구,명동,1114012700,명동2가
212,1114055000,서울특별시,중구,명동,1114012800,남산동1가
213,1114055000,서울특별시,중구,명동,1114012900,남산동2가
214,1114055000,서울특별시,중구,명동,1114013000,남산동3가
215,1114055000,서울특별시,중구,명동,1114013100,저동1가
216,1114055000,서울특별시,중구,명동,1114014200,예장동
217,1114056000,서울특별시,중구,충무로4.5가동,1114013200,충무로4가
218,1114056000,서울특별시,중구,충무로4.5가동,1114013300,충무로5가
219,1114056000,서울특별시,중구,충무로4.5가동,1114013400,인현동2가
220,1114056000,서울특별시,중구,충무로4.5가동,1114013500,예관동
221,1114056000,서울특별시,중구,충무로4.5가동,1114015400,오장동
222,1114057000,서울특별시,중구,필동,1114013200,충무로4가
223,1114057000,서울특별시,중구,필동,1114013300,충무로5가
224,1114057000,서울특별시,중구,필동,1114013600,묵정동
225,1114057000,서울특별시,중구,필동,1114013700,필동1가
226,1114057000,서울특별시,중구,필동,1114013800,필동2가
227,1114057000,서울특별시,중구,필동,1114013900,필동3가
228,1114057000,서울특별시,중구,필동,1114014000,남학동
229,1114057000,서울특별시,중구,필동,1114014100,주자동
230,1114057000,서울특별시,중구,필동,1114014200,예장동
231,1114057000,서울특별시,중구,필동,1114014400,장충동2가
232,1114057000,서울특별시,중구,필동,1114015800,충무로3가
233,1114058000,서울특별시,중구,장충동,1114013600,묵정동
234,1114058000,서울특별시,중구,장충동,1114014300,장충동1가
235,1114058000,서울특별시,중구,장충동,1114014400,장충동2가
236,1114059000,서울특별시,중구,광희동,1114013200,충무로4가
237,1114059000,서울특별시,중구,광희동,1114013300,충무로5가
238,1114059000,서울특별시,중구,광희동,1114013400,인현동2가
239,1114059000,서울특별시,중구,광희동,1114013500,예관동
240,1114059000,서울특별시,중구,광희동,1114014500,광희동1가
241,1114059000,서울특별시,중구,광희동,1114014600,광희동2가
242,1114059000,서울특별시,중구,광희동,1114014700,쌍림동
243,1114059000,서울특별시,중구,광희동,1114014800,을지로6가
244,1114059000,서울특별시,중구,광희동,1114014900,을지로7가
245,1114059000,서울특별시,중구,광희동,1114015400,오장동
246,1114060000,서울특별시,중구,을지로3.4.5가동,1114015000,을지로4가
247,1114060000,서울특별시,중구,을지로3.4.5가동,1114015100,을지로5가
248,1114060000,서울특별시,중구,을지로3.4.5가동,1114015200,주교동
249,1114060000,서울특별시,중구,을지로3.4.5가동,1114015300,방산동
250,1114060000,서울특별시,중구,을지로3.4.5가동,1114015500,을지로3가
251,1114060000,서울특별시,중구,을지로3.4.5가동,1114015600,입정동
252,1114060000,서울특별시,중구,을지로3.4.5가동,1114015700,산림동
253,1114060000,서울특별시,중구,을지로3.4.5가동,1114015900,초동
254,1114060000,서울특별시,중구,을지로3.4.5가동,1114016000,인현동1가
255,1114060000,서울특별시,중구,을지로3.4.5가동,1114016100,저동2가
256,1114060500,서울특별시,중구,을지로동,1114015000,을지로4가
257,1114060500,서울특별시,중구,을지로동,1114015100,을지로5가
258,1114060500,서울특별시,중구,을지로동,1114015200,주교동
259,1114060500,서울특별시,중구,을지로동,1114015300,방산동
260,1114060500,서울특별시,중구,을지로동,1114015500,을지로3가
261,1114060500,서울특별시,중구,을지로동,1114015600,입정동
262,1114060500,서울특별시,중구,을지로동,1114015700,산림동
263,1114060500,서울특별시,중구,을지로동,1114015900,초동
264,1114060500,서울특별시,중구,을지로동,1114016000,인현동1가
265,1114060500,서울특별시,중구,을지로동,1114016100,저동2가
266,1114061000,서울특별시,중구,신당제1동,1114016200,신당동
267,1114061000,서울특별시,중구,신당제1동,1114016300,흥인동
268,1114061000,서울특별시,중구,신당제1동,1114016400,무학동
269,1114061500,서울특별시,중구,신당동,1114016200,신당동
270,1114061500,서울특별시,중구,신당동,1114016300,흥인동
271,1114061500,서울특별시,중구,신당동,1114016400,무학동
272,1114062000,서울특별시,중구,신당제2동,1114016200,신당동
273,1114062500,서울특별시,중구,다산동,1114016200,신당동
274,1114063000,서울특별시,중구,신당제3동,1114016200,신당동
275,1114063500,서울특별시,중구,약수동,1114016200,신당동
276,1114064000,서울특별시,중구,신당제4동,1114016200,신당동
277,1114064500,서울특별시,중구,청구동,1114016200,신당동
278,1114065000,서울특별시,중구,신당제5동,1114016200,신당동
279,1114066000,서울특별시,중구,신당제6동,1114016200,신당동
280,1114066500,서울특별시,중구,동화동,1114016200,신당동
281,1114067000,서울특별시,중구,황학동,1114016500,황학동
282,1114068000,서울특별시,중구,중림동,1114017100,중림동
283,1114068000,서울특별시,중구,중림동,1114017200,의주로2가
284,1114068000,서울특별시,중구,중림동,1114017300,만리동1가
285,1114068000,서울특별시,중구,중림동,1114017400,만리동2가
286,1117000000,서울특별시,용산구,-,1117000000,용산구
287,1117000000,서울특별시,용산구,-,1117000100,옥수동
288,1117000000,서울특별시,용산구,-,1117000200,도동1가
289,1117000000,서울특별시,용산구,-,1117000300,도동2가
290,1117000000,서울특별시,용산구,-,1117000400,만리동1가
291,1117000000,서울특별시,용산구,-,1117000500,만리동2가
292,1117000000,서울특별시,용산구,-,1117090100,청파1동
293,1117000000,서울특별시,용산구,-,1117090200,청파2동
294,1117000000,서울특별시,용산구,-,1117090300,이촌1동
295,1117000000,서울특별시,용산구,-,1117090400,이촌2동
296,1117000000,서울특별시,용산구,-,1117090500,이태원1동
297,1117000000,서울특별시,용산구,-,1117090600,이태원2동
298,1117000000,서울특별시,용산구,-,1117090700,한남1동
299,1117000000,서울특별시,용산구,-,1117090800,한남2동
300,1117051000,서울특별시,용산구,후암동,1117010100,후암동
301,1117052000,서울특별시,용산구,용산2가동,1117010200,용산동2가
302,1117052000,서울특별시,용산구,용산2가동,1117010300,용산동4가
303,1117053000,서울특별시,용산구,남영동,1117010400,갈월동
304,1117053000,서울특별시,용산구,남영동,1117010500,남영동
305,1117053000,서울특별시,용산구,남영동,1117010600,용산동1가
306,1117053000,서울특별시,용산구,남영동,1117010700,동자동
307,1117054000,서울특별시,용산구,청파제1동,1117010800,서계동
308,1117054000,서울특별시,용산구,청파제1동,1117010900,청파동1가
309,1117055000,서울특별시,용산구,청파제2동,1117011000,청파동2가
310,1117055000,서울특별시,용산구,청파제2동,1117011100,청파동3가
311,1117055500,서울특별시,용산구,청파동,1117010800,서계동
312,1117055500,서울특별시,용산구,청파동,1117010900,청파동1가
313,1117055500,서울특별시,용산구,청파동,1117011000,청파동2가
314,1117055500,서울특별시,용산구,청파동,1117011100,청파동3가
315,1117056000,서울특별시,용산구,원효로제1동,1117011200,원효로1가
316,1117056000,서울특별시,용산구,원효로제1동,1117011300,원효로2가
317,1117056000,서울특별시,용산구,원효로제1동,1117012200,문배동
318,1117056000,서울특별시,용산구,원효로제1동,1117012300,신계동
319,1117057000,서울특별시,용산구,원효로제2동,1117011400,신창동
320,1117057000,서울특별시,용산구,원효로제2동,1117011500,산천동
321,1117057000,서울특별시,용산구,원효로제2동,1117011600,청암동
322,1117057000,서울특별시,용산구,원효로제2동,1117011700,원효로3가
323,1117057000,서울특별시,용산구,원효로제2동,1117011800,원효로4가
324,1117058000,서울특별시,용산구,효창동,1117011900,효창동
325,1117059000,서울특별시,용산구,용문동,1117012000,도원동
326,1117059000,서울특별시,용산구,용문동,1117012100,용문동
327,1117060000,서울특별시,용산구,한강로제1동,1117012200,문배동
328,1117060000,서울특별시,용산구,한강로제1동,1117012300,신계동
329,1117060000,서울특별시,용산구,한강로제1동,1117012400,한강로1가
330,1117061000,서울특별시,용산구,한강로제2동,1117012500,한강로2가
331,1117061000,서울특별시,용산구,한강로제2동,1117012600,용산동3가
332,1117061000,서울특별시,용산구,한강로제2동,1117012700,용산동5가
333,1117062000,서울특별시,용산구,한강로제3동,1117012800,한강로3가
334,1117062500,서울특별시,용산구,한강로동,1117012400,한강로1가
335,1117062500,서울특별시,용산구,한강로동,1117012500,한강로2가
336,1117062500,서울특별시,용산구,한강로동,1117012600,용산동3가
337,1117062500,서울특별시,용산구,한강로동,1117012700,용산동5가
338,1117062500,서울특별시,용산구,한강로동,1117012800,한강로3가
339,1117063000,서울특별시,용산구,이촌제1동,1117012900,이촌동
340,1117064000,서울특별시,용산구,이촌제2동,1117012900,이촌동
341,1117065000,서울특별시,용산구,이태원제1동,1117013000,이태원동
342,1117066000,서울특별시,용산구,이태원제2동,1117013000,이태원동
343,1117067000,서울특별시,용산구,한남제1동,1117013100,한남동
344,1117068000,서울특별시,용산구,한남제2동,1117013100,한남동
345,1117068500,서울특별시,용산구,한남동,1117013100,한남동
346,1117069000,서울특별시,용산구,서빙고동,1117013200,동빙고동
347,1117069000,서울특별시,용산구,서빙고동,1117013300,서빙고동
348,1117069000,서울특별시,용산구,서빙고동,1117013400,주성동
349,1117069000,서울특별시,용산구,서빙고동,1117013500,용산동6가
350,1117070000,서울특별시,용산구,보광동,1117013600,보광동
351,1120000000,서울특별시,성동구,-,1120000000,성동구
352,1120000000,서울특별시,성동구,-,1120000100,상일동
353,1120000000,서울특별시,성동구,-,1120000200,길동
354,1120000000,서울특별시,성동구,-,1120000300,둔촌동
355,1120000000,서울특별시,성동구,-,1120000400,암사동
356,1120000000,서울특별시,성동구,-,1120000500,성내동
357,1120000000,서울특별시,성동구,-,1120000600,풍납동
358,1120000000,서울특별시,성동구,-,1120000700,천호동
359,1120000000,서울특별시,성동구,-,1120000800,송파동
360,1120000000,서울특별시,성동구,-,1120000900,석촌동
361,1120000000,서울특별시,성동구,-,1120001000,삼전동
362,1120000000,서울특별시,성동구,-,1120001100,가락동
363,1120000000,서울특별시,성동구,-,1120001200,이동
364,1120000000,서울특별시,성동구,-,1120001300,오금동
365,1120000000,서울특별시,성동구,-,1120001400,방이동
366,1120000000,서울특별시,성동구,-,1120001500,문정동
367,1120000000,서울특별시,성동구,-,1120001600,장지동
368,1120000000,서울특별시,성동구,-,1120001700,거여동
369,1120000000,서울특별시,성동구,-,1120001800,마천동
370,1120000000,서울특별시,성동구,-,1120001900,잠실동
371,1120000000,서울특별시,성동구,-,1120002000,신천동
372,1120000000,서울특별시,성동구,-,1120002100,일원동
373,1120000000,서울특별시,성동구,-,1120002200,수서동
374,1120000000,서울특별시,성동구,-,1120002300,자곡동
375,1120000000,서울특별시,성동구,-,1120002400,율현동
376,1120000000,서울특별시,성동구,-,1120002500,세곡동
377,1120000000,서울특별시,성동구,-,1120002600,역삼동
378,1120000000,서울특별시,성동구,-,1120002700,포이동
379,1120000000,서울특별시,성동구,-,1120002800,개포동
380,1120000000,서울특별시,성동구,-,1120002900,도곡동
381,1120000000,서울특별시,성동구,-,1120003000,논현동
382,1120000000,서울특별시,성동구,-,1120003100,신사동
383,1120000000,서울특별시,성동구,-,1120003200,학동
384,1120000000,서울특별시,성동구,-,1120003300,압구정동
385,1120000000,서울특별시,성동구,-,1120003400,청담동
386,1120000000,서울특별시,성동구,-,1120003500,삼성동
387,1120000000,서울특별시,성동구,-,1120003600,대치동
388,1120000000,서울특별시,성동구,-,1120003700,염곡동
389,1120000000,서울특별시,성동구,-,1120003800,내곡동
390,1120000000,서울특별시,성동구,-,1120003900,신원동
391,1120000000,서울특별시,성동구,-,1120004000,반포동
392,1120000000,서울특별시,성동구,-,1120004100,잠원동
393,1120000000,서울특별시,성동구,-,1120004200,서초동
394,1120000000,서울특별시,성동구,-,1120004300,양재동
395,1120000000,서울특별시,성동구,-,1120004400,우면동
396,1120000000,서울특별시,성동구,-,1120004500,원지동
397,1120000000,서울특별시,성동구,-,1120004600,황학동
398,1120000000,서울특별시,성동구,-,1120004700,무학동
399,1120000000,서울특별시,성동구,-,1120004800,흥인동
400,1120000000,서울특별시,성동구,-,1120004900,신당동
401,1120000000,서울특별시,성동구,-,1120005000,용두동
402,1120000000,서울특별시,성동구,-,1120005100,답십리동
403,1120000000,서울특별시,성동구,-,1120005200,면목동
404,1120000000,서울특별시,성동구,-,1120005300,금호동
405,1120000000,서울특별시,성동구,-,1120005400,명일동
406,1120000000,서울특별시,성동구,-,1120005500,하일동
407,1120000000,서울특별시,성동구,-,1120005600,고덕동
408,1120000000,서울특별시,성동구,-,1120090100,왕십리1동
409,1120000000,서울특별시,성동구,-,1120090200,왕십리2동
410,1120000000,서울특별시,성동구,-,1120090300,행당1동
411,1120000000,서울특별시,성동구,-,1120090400,행당2동
412,1120000000,서울특별시,성동구,-,1120090500,중곡1동
413,1120000000,서울특별시,성동구,-,1120090600,중곡2동
414,1120000000,서울특별시,성동구,-,1120090700,중곡3동
415,1120000000,서울특별시,성동구,-,1120090800,중곡4동
416,1120000000,서울특별시,성동구,-,1120090900,옥수1동
417,1120000000,서울특별시,성동구,-,1120091000,옥수2동
418,1120000000,서울특별시,성동구,-,1120091100,성수1가1동
419,1120000000,서울특별시,성동구,-,1120091200,성수1가2동
420,1120000000,서울특별시,성동구,-,1120091300,성수2가1동
421,1120000000,서울특별시,성동구,-,1120091400,성수2가2동
422,1120000000,서울특별시,성동구,-,1120091500,성수2가3동
423,1120000000,서울특별시,성동구,-,1120091600,성수2가4동
424,1120000000,서울특별시,성동구,-,1120091700,자양1동
425,1120000000,서울특별시,성동구,-,1120091800,자양2동
426,1120000000,서울특별시,성동구,-,1120091900,자양3동
427,1120000000,서울특별시,성동구,-,1120092000,구의1동
428,1120000000,서울특별시,성동구,-,1120092100,구의2동
429,1120050100,서울특별시,성동구,옥수동,1120011300,옥수동
430,1120051000,서울특별시,성동구,왕십리제1동,1120010100,상왕십리동
431,1120051000,서울특별시,성동구,왕십리제1동,1120010200,하왕십리동
432,1120052000,서울특별시,성동구,왕십리제2동,1120010200,하왕십리동
433,1120053000,서울특별시,성동구,도선동,1120010300,홍익동
434,1120053000,서울특별시,성동구,도선동,1120010400,도선동
435,1120053500,서울특별시,성동구,왕십리도선동,1120010100,상왕십리동
436,1120053500,서울특별시,성동구,왕십리도선동,1120010200,하왕십리동
437,1120053500,서울특별시,성동구,왕십리도선동,1120010300,홍익동
438,1120053500,서울특별시,성동구,왕십리도선동,1120010400,도선동
439,1120054000,서울특별시,성동구,마장동,1120010500,마장동
440,1120055000,서울특별시,성동구,사근동,1120010600,사근동
441,1120055000,서울특별시,성동구,사근동,1120010700,행당동
442,1120056000,서울특별시,성동구,행당제1동,1120010700,행당동
443,1120057000,서울특별시,성동구,행당제2동,1120010700,행당동
444,1120058000,서울특별시,성동구,응봉동,1120010800,응봉동
445,1120059000,서울특별시,성동구,금호1가동,1120010900,금호동1가
446,1120060000,서울특별시,성동구,금호2가동,1120011000,금호동2가
447,1120061000,서울특별시,성동구,금호3가동,1120011100,금호동3가
448,1120061500,서울특별시,성동구,금호2.3가동,1120011000,금호동2가
449,1120061500,서울특별시,성동구,금호2.3가동,1120011100,금호동3가
450,1120062000,서울특별시,성동구,금호4가동,1120011200,금호동4가
451,1120063000,서울특별시,성동구,옥수제1동,1120011300,옥수동
452,1120064000,서울특별시,성동구,옥수제2동,1120011300,옥수동
453,1120064500,서울특별시,성동구,옥수동,1120011300,옥수동
454,1120065000,서울특별시,성동구,성수1가제1동,1120011400,성수동1가
455,1120066000,서울특별시,성동구,성수1가제2동,1120011400,성수동1가
456,1120067000,서울특별시,성동구,성수2가제1동,1120011500,성수동2가
457,1120068000,서울특별시,성동구,성수2가제2동,1120011500,성수동2가
458,1120069000,서울특별시,성동구,성수2가제3동,1120011500,성수동2가
459,1120070000,서울특별시,성동구,성수2가제4동,1120011500,성수동2가
460,1120071000,서울특별시,성동구,화양동,1120011600,화양동
461,1120071000,서울특별시,성동구,화양동,1120011700,모진동
462,1120072000,서울특별시,성동구,송정동,1120011800,송정동
463,1120073000,서울특별시,성동구,군자동,1120011900,군자동
464,1120073000,서울특별시,성동구,군자동,1120012100,능동
465,1120074000,서울특별시,성동구,중곡제1동,1120012000,중곡동
466,1120074000,서울특별시,성동구,중곡제1동,1120012100,능동
467,1120075000,서울특별시,성동구,중곡제2동,1120012000,중곡동
468,1120076000,서울특별시,성동구,중곡제3동,1120012000,중곡동
469,1120077000,서울특별시,성동구,중곡제4동,1120012000,중곡동
470,1120078000,서울특별시,성동구,능동,1120012100,능동
471,1120078000,서울특별시,성동구,능동,1120012400,구의동
472,1120079000,서울특별시,성동구,용답동,1120011800,송정동
473,1120079000,서울특별시,성동구,용답동,1120011900,군자동
474,1120079000,서울특별시,성동구,용답동,1120012100,능동
475,1120079000,서울특별시,성동구,용답동,1120012200,용답동
476,1120080000,서울특별시,성동구,구의동,1120012400,구의동
477,1120081000,서울특별시,성동구,광장동,1120012300,광장동
478,1120081000,서울특별시,성동구,광장동,1120012400,구의동
479,1120082000,서울특별시,성동구,자양제1동,1120012500,자양동
480,1120083000,서울특별시,성동구,자양제2동,1120012500,자양동
481,1120084000,서울특별시,성동구,자양제3동,1120012500,자양동
482,1120085000,서울특별시,성동구,구의제1동,1120012400,구의동
483,1120086000,서울특별시,성동구,구의제2동,1120012100,능동
484,1120086000,서울특별시,성동구,구의제2동,1120012400,구의동
485,1120087000,서울특별시,성동구,구의제3동,1120012300,광장동
486,1120087000,서울특별시,성동구,구의제3동,1120012400,구의동
487,1121500000,서울특별시,광진구,-,1121500000,광진구
488,1121571000,서울특별시,광진구,화양동,1121510700,화양동
489,1121571000,서울특별시,광진구,화양동,1121510800,모진동
490,1121573000,서울특별시,광진구,군자동,1121510200,능동
491,1121573000,서울특별시,광진구,군자동,1121510900,군자동
492,1121574000,서울특별시,광진구,중곡제1동,1121510100,중곡동
493,1121574000,서울특별시,광진구,중곡제1동,1121510200,능동
494,1121575000,서울특별시,광진구,중곡제2동,1121510100,중곡동
495,1121576000,서울특별시,광진구,중곡제3동,1121510100,중곡동
496,1121577000,서울특별시,광진구,중곡제4동,1121510100,중곡동
497,1121578000,서울특별시,광진구,능동,1121510200,능동
498,1121581000,서울특별시,광진구,광장동,1121510400,광장동
499,1121582000,서울특별시,광진구,자양제1동,1121510500,자양동
500,1121583000,서울특별시,광진구,자양제2동,1121510500,자양동
501,1121584000,서울특별시,광진구,자양제3동,1121510500,자양동
502,1121584000,서울특별시,광진구,자양제3동,1121510600,노유동
503,1121584500,서울특별시,광진구,노유제1동,1121510600,노유동
504,1121584600,서울특별시,광진구,노유제2동,1121510600,노유동
505,1121584700,서울특별시,광진구,자양제4동,1121510500,자양동
506,1121584700,서울특별시,광진구,자양제4동,1121510600,노유동
507,1121585000,서울특별시,광진구,구의제1동,1121510300,구의동
508,1121586000,서울특별시,광진구,구의제2동,1121510200,능동
509,1121586000,서울특별시,광진구,구의제2동,1121510300,구의동
510,1121587000,서울특별시,광진구,구의제3동,1121510300,구의동
511,1121587000,서울특별시,광진구,구의제3동,1121510400,광장동
512,1123000000,서울특별시,동대문구,-,1123000000,동대문구
513,1123000000,서울특별시,동대문구,-,1123000200,상봉동
514,1123000000,서울특별시,동대문구,-,1123000300,중화동
515,1123000000,서울특별시,동대문구,-,1123000400,묵동
516,1123000000,서울특별시,동대문구,-,1123000500,망우동
517,1123000000,서울특별시,동대문구,-,1123000600,신내동
518,1123000000,서울특별시,동대문구,-,1123000700,중곡동
519,1123000000,서울특별시,동대문구,-,1123000800,능동
520,1123000000,서울특별시,동대문구,-,1123000900,군자동
521,1123000000,서울특별시,동대문구,-,1123001000,종암동
522,1123000000,서울특별시,동대문구,-,1123001100,안암동4가
523,1123000000,서울특별시,동대문구,-,1123001200,안암동5가
524,1123000000,서울특별시,동대문구,-,1123001300,석관동
525,1123000000,서울특별시,동대문구,-,1123001400,보문동1가
526,1123000000,서울특별시,동대문구,-,1123001500,보문동2가
527,1123000000,서울특별시,동대문구,-,1123001600,보문동3가
528,1123000000,서울특별시,동대문구,-,1123001700,보문동4가
529,1123000000,서울특별시,동대문구,-,1123001800,보문동5가
530,1123000000,서울특별시,동대문구,-,1123001900,보문동6가
531,1123000000,서울특별시,동대문구,-,1123002000,보문동7가
532,1123000000,서울특별시,동대문구,-,1123002100,창신동
533,1123000000,서울특별시,동대문구,-,1123002200,숭인동
534,1123000000,서울특별시,동대문구,-,1123090100,용두1동
535,1123000000,서울특별시,동대문구,-,1123090200,용두2동
536,1123000000,서울특별시,동대문구,-,1123090300,제기1동
537,1123000000,서울특별시,동대문구,-,1123090400,제기2동
538,1123000000,서울특별시,동대문구,-,1123090500,전농1동
539,1123000000,서울특별시,동대문구,-,1123090600,전농2동
540,1123000000,서울특별시,동대문구,-,1123090700,전농3동
541,1123000000,서울특별시,동대문구,-,1123090800,전농4동
542,1123000000,서울특별시,동대문구,-,1123090900,답십리1동
543,1123000000,서울특별시,동대문구,-,1123091000,답십리2동
544,1123000000,서울특별시,동대문구,-,1123091100,답십리3동
545,1123000000,서울특별시,동대문구,-,1123091200,답십리4동
546,1123000000,서울특별시,동대문구,-,1123091300,답십리5동
547,1123000000,서울특별시,동대문구,-,1123091400,장안1동
548,1123000000,서울특별시,동대문구,-,1123091500,장안2동
549,1123000000,서울특별시,동대문구,-,1123091600,장안3동
550,1123000000,서울특별시,동대문구,-,1123091700,장안4동
551,1123000000,서울특별시,동대문구,-,1123091800,청량리1동
552,1123000000,서울특별시,동대문구,-,1123091900,청량리2동
553,1123000000,서울특별시,동대문구,-,1123092000,휘경1동
554,1123000000,서울특별시,동대문구,-,1123092100,휘경2동
555,1123000000,서울특별시,동대문구,-,1123092200,이문1동
556,1123000000,서울특별시,동대문구,-,1123092300,이문2동
557,1123000000,서울특별시,동대문구,-,1123092400,이문3동
558,1123051000,서울특별시,동대문구,신설동,1123010100,신설동
559,1123051000,서울특별시,동대문구,신설동,1123010200,용두동
560,1123052000,서울특별시,동대문구,용두제1동,1123010200,용두동
561,1123053000,서울특별시,동대문구,용두제2동,1123010200,용두동
562,1123053500,서울특별시,동대문구,용두동,1123010200,용두동
563,1123053600,서울특별시,동대문구,용신동,1123010100,신설동
564,1123053600,서울특별시,동대문구,용신동,1123010200,용두동
565,1123054000,서울특별시,동대문구,제기제1동,1123010300,제기동
566,1123054500,서울특별시,동대문구,제기동,1123010300,제기동
567,1123055000,서울특별시,동대문구,제기제2동,1123010300,제기동
568,1123056000,서울특별시,동대문구,전농제1동,1123010400,전농동
569,1123057000,서울특별시,동대문구,전농제2동,1123010400,전농동
570,1123058000,서울특별시,동대문구,전농제3동,1123010400,전농동
571,1123059000,서울특별시,동대문구,전농제4동,1123010400,전농동
572,1123060000,서울특별시,동대문구,답십리제1동,1123010400,전농동
573,1123060000,서울특별시,동대문구,답십리제1동,1123010500,답십리동
574,1123061000,서울특별시,동대문구,답십리제2동,1123010500,답십리동
575,1123062000,서울특별시,동대문구,답십리제3동,1123010500,답십리동
576,1123063000,서울특별시,동대문구,답십리제4동,1123010500,답십리동
577,1123064000,서울특별시,동대문구,답십리제5동,1123010500,답십리동
578,1123065000,서울특별시,동대문구,장안제1동,1123010600,장안동
579,1123066000,서울특별시,동대문구,장안제2동,1123010600,장안동
580,1123067000,서울특별시,동대문구,장안제3동,1123010600,장안동
581,1123068000,서울특별시,동대문구,장안제4동,1123000100,면목동
582,1123068000,서울특별시,동대문구,장안제4동,1123010600,장안동
583,1123069000,서울특별시,동대문구,청량리제1동,1123010700,청량리동
584,1123070000,서울특별시,동대문구,청량리제2동,1123010700,청량리동
585,1123070500,서울특별시,동대문구,청량리동,1123010700,청량리동
586,1123071000,서울특별시,동대문구,회기동,1123010800,회기동
587,1123072000,서울특별시,동대문구,휘경제1동,1123010900,휘경동
588,1123073000,서울특별시,동대문구,휘경제2동,1123000100,면목동
589,1123073000,서울특별시,동대문구,휘경제2동,1123010900,휘경동
590,1123074000,서울특별시,동대문구,이문제1동,1123011000,이문동
591,1123075000,서울특별시,동대문구,이문제2동,1123011000,이문동
592,1123076000,서울특별시,동대문구,이문제3동,1123011000,이문동
593,1126000000,서울특별시,중랑구,-,1126000000,중랑구
594,1126000000,서울특별시,중랑구,-,1126090100,면목1동
595,1126000000,서울특별시,중랑구,-,1126090200,면목2동
596,1126000000,서울특별시,중랑구,-,1126090300,면목3동
597,1126000000,서울특별시,중랑구,-,1126090400,면목4동
598,1126000000,서울특별시,중랑구,-,1126090500,면목5동
599,1126000000,서울특별시,중랑구,-,1126090600,면목6동
600,1126000000,서울특별시,중랑구,-,1126090700,면목7동
601,1126000000,서울특별시,중랑구,-,1126090800,상봉1동
602,1126000000,서울특별시,중랑구,-,1126090900,상봉2동
603,1126000000,서울특별시,중랑구,-,1126091000,중화1동
604,1126000000,서울특별시,중랑구,-,1126091100,중화2동
605,1126000000,서울특별시,중랑구,-,1126091200,묵1동
606,1126000000,서울특별시,중랑구,-,1126091300,묵2동
607,1126000000,서울특별시,중랑구,-,1126091400,망우1동
608,1126000000,서울특별시,중랑구,-,1126091500,망우2동
609,1126000000,서울특별시,중랑구,-,1126091600,망우3동
610,1126051000,서울특별시,중랑구,면목제1동,1126010100,면목동
611,1126051000,서울특별시,중랑구,면목제1동,1126010500,망우동
612,1126052000,서울특별시,중랑구,면목제2동,1126010100,면목동
613,1126053000,서울특별시,중랑구,면목제3동,1126010100,면목동
614,1126054000,서울특별시,중랑구,면목제4동,1126010100,면목동
615,1126055000,서울특별시,중랑구,면목제5동,1126010100,면목동
616,1126056000,서울특별시,중랑구,면목제6동,1126010100,면목동
617,1126056500,서울특별시,중랑구,면목본동,1126010100,면목동
618,1126057000,서울특별시,중랑구,면목제7동,1126010100,면목동
619,1126057100,서울특별시,중랑구,면목제8동,1126010100,면목동
620,1126057500,서울특별시,중랑구,면목제3.8동,1126010100,면목동
621,1126058000,서울특별시,중랑구,상봉제1동,1126010200,상봉동
622,1126059000,서울특별시,중랑구,상봉제2동,1126010200,상봉동
623,1126060000,서울특별시,중랑구,중화제1동,1126010300,중화동
624,1126061000,서울특별시,중랑구,중화제2동,1126010300,중화동
625,1126061100,서울특별시,중랑구,중화제3동,1126010300,중화동
626,1126062000,서울특별시,중랑구,묵제1동,1126010400,묵동
627,1126063000,서울특별시,중랑구,묵제2동,1126010400,묵동
628,1126064000,서울특별시,중랑구,망우제1동,1126010500,망우동
629,1126065000,서울특별시,중랑구,망우제2동,1126010500,망우동
630,1126065500,서울특별시,중랑구,망우본동,1126010500,망우동
631,1126066000,서울특별시,중랑구,망우제3동,1126010500,망우동
632,1126067000,서울특별시,중랑구,신내동,1126010600,신내동
633,1126068000,서울특별시,중랑구,신내1동,1126010600,신내동
634,1126069000,서울특별시,중랑구,신내2동,1126010600,신내동
635,1129000000,서울특별시,성북구,-,1129000000,성북구
636,1129000000,서울특별시,성북구,-,1129000100,미아동
637,1129000000,서울특별시,성북구,-,1129000200,번동
638,1129000000,서울특별시,성북구,-,1129000300,수유동
639,1129000000,서울특별시,성북구,-,1129000400,우이동
640,1129000000,서울특별시,성북구,-,1129000500,창동
641,1129000000,서울특별시,성북구,-,1129000600,월계동
642,1129000000,서울특별시,성북구,-,1129000700,쌍문동
643,1129000000,서울특별시,성북구,-,1129000800,공릉동
644,1129000000,서울특별시,성북구,-,1129000900,하계동
645,1129000000,서울특별시,성북구,-,1129001000,상계동
646,1129000000,서울특별시,성북구,-,1129001100,중계동
647,1129000000,서울특별시,성북구,-,1129001200,도봉동
648,1129000000,서울특별시,성북구,-,1129001300,방학동
649,1129000000,서울특별시,성북구,-,1129001400,성북동2가
650,1129000000,서울특별시,성북구,-,1129001500,동소문동8가
651,1129000000,서울특별시,성북구,-,1129090100,성북1동
652,1129000000,서울특별시,성북구,-,1129090200,성북2동
653,1129000000,서울특별시,성북구,-,1129090300,삼선1동
654,1129000000,서울특별시,성북구,-,1129090400,삼선2동
655,1129000000,서울특별시,성북구,-,1129090500,동선1동
656,1129000000,서울특별시,성북구,-,1129090600,동선2동
657,1129000000,서울특별시,성북구,-,1129090700,돈암1동
658,1129000000,서울특별시,성북구,-,1129090800,돈암2동
659,1129000000,서울특별시,성북구,-,1129090900,정릉1동
660,1129000000,서울특별시,성북구,-,1129091000,정릉2동
661,1129000000,서울특별시,성북구,-,1129091100,정릉3동
662,1129000000,서울특별시,성북구,-,1129091200,정릉4동
663,1129000000,서울특별시,성북구,-,1129091300,길음1동
664,1129000000,서울특별시,성북구,-,1129091400,길음2동
665,1129000000,서울특별시,성북구,-,1129091500,길음3동
666,1129000000,서울특별시,성북구,-,1129091600,종암1동
667,1129000000,서울특별시,성북구,-,1129091700,종암2동
668,1129000000,서울특별시,성북구,-,1129091800,하월곡1동
669,1129000000,서울특별시,성북구,-,1129091900,하월곡2동
670,1129000000,서울특별시,성북구,-,1129092000,하월곡3동
671,1129000000,서울특별시,성북구,-,1129092100,하월곡4동
672,1129000000,서울특별시,성북구,-,1129092200,장위1동
673,1129000000,서울특별시,성북구,-,1129092300,장위2동
674,1129000000,서울특별시,성북구,-,1129092400,장위3동
675,1129000000,서울특별시,성북구,-,1129092500,석관1동
676,1129000000,서울특별시,성북구,-,1129092600,석관2동
677,1129051000,서울특별시,성북구,성북제1동,1129010100,성북동
678,1129051000,서울특별시,성북구,성북제1동,1129010200,성북동1가
679,1129052000,서울특별시,성북구,성북제2동,1129010100,성북동
680,1129052500,서울특별시,성북구,성북동,1129010100,성북동
681,1129052500,서울특별시,성북구,성북동,1129010200,성북동1가
682,1129052500,서울특별시,성북구,성북동,1129010400,동소문동1가
683,1129052500,서울특별시,성북구,성북동,1129010700,동소문동4가
684,1129053000,서울특별시,성북구,동소문동,1129010300,돈암동
685,1129053000,서울특별시,성북구,동소문동,1129010400,동소문동1가
686,1129053000,서울특별시,성북구,동소문동,1129010500,동소문동2가
687,1129053000,서울특별시,성북구,동소문동,1129010600,동소문동3가
688,1129053000,서울특별시,성북구,동소문동,1129010700,동소문동4가
689,1129054000,서울특별시,성북구,삼선제1동,1129010300,돈암동
690,1129054000,서울특별시,성북구,삼선제1동,1129011100,삼선동1가
691,1129054000,서울특별시,성북구,삼선제1동,1129011200,삼선동2가
692,1129055000,서울특별시,성북구,삼선제2동,1129010300,돈암동
693,1129055000,서울특별시,성북구,삼선제2동,1129010800,동소문동5가
694,1129055000,서울특별시,성북구,삼선제2동,1129011200,삼선동2가
695,1129055000,서울특별시,성북구,삼선제2동,1129011300,삼선동3가
696,1129055000,서울특별시,성북구,삼선제2동,1129011400,삼선동4가
697,1129055000,서울특별시,성북구,삼선제2동,1129011500,삼선동5가
698,1129055500,서울특별시,성북구,삼선동,1129010300,돈암동
699,1129055500,서울특별시,성북구,삼선동,1129010500,동소문동2가
700,1129055500,서울특별시,성북구,삼선동,1129010600,동소문동3가
701,1129055500,서울특별시,성북구,삼선동,1129010800,동소문동5가
702,1129055500,서울특별시,성북구,삼선동,1129011100,삼선동1가
703,1129055500,서울특별시,성북구,삼선동,1129011200,삼선동2가
704,1129055500,서울특별시,성북구,삼선동,1129011300,삼선동3가
705,1129055500,서울특별시,성북구,삼선동,1129011400,삼선동4가
706,1129055500,서울특별시,성북구,삼선동,1129011500,삼선동5가
707,1129056000,서울특별시,성북구,동선제1동,1129010300,돈암동
708,1129056000,서울특별시,성북구,동선제1동,1129011600,동선동1가
709,1129056000,서울특별시,성북구,동선제1동,1129011700,동선동2가
710,1129056000,서울특별시,성북구,동선제1동,1129011800,동선동3가
711,1129057000,서울특별시,성북구,동선제2동,1129010900,동소문동6가
712,1129057000,서울특별시,성북구,동선제2동,1129011000,동소문동7가
713,1129057000,서울특별시,성북구,동선제2동,1129011900,동선동4가
714,1129057000,서울특별시,성북구,동선제2동,1129012000,동선동5가
715,1129057500,서울특별시,성북구,동선동,1129010300,돈암동
716,1129057500,서울특별시,성북구,동선동,1129010900,동소문동6가
717,1129057500,서울특별시,성북구,동선동,1129011000,동소문동7가
718,1129057500,서울특별시,성북구,동선동,1129011600,동선동1가
719,1129057500,서울특별시,성북구,동선동,1129011700,동선동2가
720,1129057500,서울특별시,성북구,동선동,1129011800,동선동3가
721,1129057500,서울특별시,성북구,동선동,1129011900,동선동4가
722,1129057500,서울특별시,성북구,동선동,1129012000,동선동5가
723,1129058000,서울특별시,성북구,돈암제1동,1129010300,돈암동
724,1129059000,서울특별시,성북구,돈암제2동,1129010300,돈암동
725,1129060000,서울특별시,성북구,안암동,1129012100,안암동1가
726,1129060000,서울특별시,성북구,안암동,1129012200,안암동2가
727,1129060000,서울특별시,성북구,안암동,1129012300,안암동3가
728,1129060000,서울특별시,성북구,안암동,1129012400,안암동4가
729,1129060000,서울특별시,성북구,안암동,1129012500,안암동5가
730,1129061000,서울특별시,성북구,보문동,1129012600,보문동4가
731,1129061000,서울특별시,성북구,보문동,1129012700,보문동5가
732,1129061000,서울특별시,성북구,보문동,1129012800,보문동6가
733,1129061000,서울특별시,성북구,보문동,1129012900,보문동7가
734,1129061000,서울특별시,성북구,보문동,1129013000,보문동1가
735,1129061000,서울특별시,성북구,보문동,1129013100,보문동2가
736,1129061000,서울특별시,성북구,보문동,1129013200,보문동3가
737,1129062000,서울특별시,성북구,정릉제1동,1129010300,돈암동
738,1129062000,서울특별시,성북구,정릉제1동,1129013300,정릉동
739,1129062000,서울특별시,성북구,정릉제1동,1129013400,길음동
740,1129063000,서울특별시,성북구,정릉제2동,1129010300,돈암동
741,1129063000,서울특별시,성북구,정릉제2동,1129013300,정릉동
742,1129064000,서울특별시,성북구,정릉제3동,1129013300,정릉동
743,1129065000,서울특별시,성북구,정릉제4동,1129013300,정릉동
744,1129066000,서울특별시,성북구,길음제1동,1129013400,길음동
745,1129067000,서울특별시,성북구,길음제2동,1129013400,길음동
746,1129068000,서울특별시,성북구,길음제3동,1129013400,길음동
747,1129068500,서울특별시,성북구,길음제2동,1129013400,길음동
748,1129068500,서울특별시,성북구,길음제2동,1129013600,하월곡동
749,1129069000,서울특별시,성북구,종암제1동,1129013500,종암동
750,1129070000,서울특별시,성북구,종암제2동,1129013500,종암동
751,1129070500,서울특별시,성북구,종암동,1129013500,종암동
752,1129071000,서울특별시,성북구,하월곡제1동,1129013600,하월곡동
753,1129071500,서울특별시,성북구,월곡제1동,1129013600,하월곡동
754,1129072000,서울특별시,성북구,하월곡제2동,1129013600,하월곡동
755,1129072500,서울특별시,성북구,월곡제2동,1129013600,하월곡동
756,1129072500,서울특별시,성북구,월곡제2동,1129013700,상월곡동
757,1129073000,서울특별시,성북구,하월곡제3동,1129013600,하월곡동
758,1129073500,서울특별시,성북구,월곡제3동,1129013600,하월곡동
759,1129074000,서울특별시,성북구,하월곡제4동,1129013600,하월곡동
760,1129074500,서울특별시,성북구,월곡제4동,1129013600,하월곡동
761,1129075000,서울특별시,성북구,상월곡동,1129013700,상월곡동
762,1129076000,서울특별시,성북구,장위제1동,1129013800,장위동
763,1129077000,서울특별시,성북구,장위제2동,1129013800,장위동
764,1129078000,서울특별시,성북구,장위제3동,1129013800,장위동
765,1129079000,서울특별시,성북구,석관제1동,1129013900,석관동
766,1129080000,서울특별시,성북구,석관제2동,1129013900,석관동
767,1129081000,서울특별시,성북구,석관동,1129013900,석관동
768,1130500000,서울특별시,강북구,-,1130500000,강북구
769,1130553100,서울특별시,강북구,미아제1동,1130510100,미아동
770,1130553200,서울특별시,강북구,미아제2동,1130510100,미아동
771,1130553300,서울특별시,강북구,미아제3동,1130510100,미아동
772,1130553400,서울특별시,강북구,삼양동,1130510100,미아동
773,1130553500,서울특별시,강북구,미아동,1130510100,미아동
774,1130554000,서울특별시,강북구,미아제4동,1130510100,미아동
775,1130554500,서울특별시,강북구,송중동,1130510100,미아동
776,1130555000,서울특별시,강북구,미아제5동,1130510100,미아동
777,1130555500,서울특별시,강북구,송천동,1130510100,미아동
778,1130556000,서울특별시,강북구,미아제6동,1130510100,미아동
779,1130556500,서울특별시,강북구,미아제6.7동,1130510100,미아동
780,1130557000,서울특별시,강북구,미아제7동,1130510100,미아동
781,1130557500,서울특별시,강북구,삼각산동,1130510100,미아동
782,1130558000,서울특별시,강북구,미아제8동,1130510100,미아동
783,1130558100,서울특별시,강북구,미아제9동,1130510100,미아동
784,1130559000,서울특별시,강북구,번제1동,1130510200,번동
785,1130559500,서울특별시,강북구,번1동,1130510200,번동
786,1130560000,서울특별시,강북구,번제2동,1130510200,번동
787,1130560300,서울특별시,강북구,번2동,1130510200,번동
788,1130560600,서울특별시,강북구,번제3동,1130510200,번동
789,1130560800,서울특별시,강북구,번3동,1130510200,번동
790,1130561000,서울특별시,강북구,수유제1동,1130510300,수유동
791,1130561500,서울특별시,강북구,수유1동,1130510300,수유동
792,1130562000,서울특별시,강북구,수유제2동,1130510300,수유동
793,1130562500,서울특별시,강북구,수유2동,1130510300,수유동
794,1130563000,서울특별시,강북구,수유제3동,1130510300,수유동
795,1130563500,서울특별시,강북구,수유3동,1130510300,수유동
796,1130564000,서울특별시,강북구,수유제4동,1130510300,수유동
797,1130564000,서울특별시,강북구,수유제4동,1130510400,우이동
798,1130564500,서울특별시,강북구,우이동,1130510300,수유동
799,1130564500,서울특별시,강북구,우이동,1130510400,우이동
800,1130565000,서울특별시,강북구,수유제5동,1130510300,수유동
801,1130565100,서울특별시,강북구,수유제6동,1130510300,수유동
802,1130566000,서울특별시,강북구,인수동,1130510300,수유동
803,1132000000,서울특별시,도봉구,-,1132000000,도봉구
804,1132000000,서울특별시,도봉구,-,1132000300,상계동
805,1132000000,서울특별시,도봉구,-,1132000400,중계동
806,1132000000,서울특별시,도봉구,-,1132000500,하계동
807,1132000000,서울특별시,도봉구,-,1132000600,월계동
808,1132000000,서울특별시,도봉구,-,1132000700,공릉동
809,1132000000,서울특별시,도봉구,-,1132090100,창1동
810,1132000000,서울특별시,도봉구,-,1132090200,창2동
811,1132000000,서울특별시,도봉구,-,1132090300,창3동
812,1132000000,서울특별시,도봉구,-,1132090400,도봉1동
813,1132000000,서울특별시,도봉구,-,1132090500,도봉2동
814,1132000000,서울특별시,도봉구,-,1132090600,미아1동
815,1132000000,서울특별시,도봉구,-,1132090700,미아2동
816,1132000000,서울특별시,도봉구,-,1132090800,미아3동
817,1132000000,서울특별시,도봉구,-,1132090900,미아4동
818,1132000000,서울특별시,도봉구,-,1132091000,미아5동
819,1132000000,서울특별시,도봉구,-,1132091100,미아6동
820,1132000000,서울특별시,도봉구,-,1132091200,미아7동
821,1132000000,서울특별시,도봉구,-,1132091300,미아8동
822,1132000000,서울특별시,도봉구,-,1132091400,번1동
823,1132000000,서울특별시,도봉구,-,1132091500,번2동
824,1132000000,서울특별시,도봉구,-,1132091600,수유1동
825,1132000000,서울특별시,도봉구,-,1132091700,수유2동
826,1132000000,서울특별시,도봉구,-,1132091800,수유3동
827,1132000000,서울특별시,도봉구,-,1132091900,수유4동
828,1132000000,서울특별시,도봉구,-,1132092000,수유5동
829,1132000000,서울특별시,도봉구,-,1132092100,쌍문1동
830,1132000000,서울특별시,도봉구,-,1132092200,쌍문2동
831,1132000000,서울특별시,도봉구,-,1132092300,쌍문3동
832,1132000000,서울특별시,도봉구,-,1132092400,방학1동
833,1132000000,서울특별시,도봉구,-,1132092500,방학2동
834,1132000000,서울특별시,도봉구,-,1132092600,방학3동
835,1132051100,서울특별시,도봉구,창제1동,1132010700,창동
836,1132051200,서울특별시,도봉구,창제2동,1132010700,창동
837,1132051300,서울특별시,도봉구,창제3동,1132010700,창동
838,1132051400,서울특별시,도봉구,창제4동,1132010700,창동
839,1132051500,서울특별시,도봉구,창제5동,1132010700,창동
840,1132052100,서울특별시,도봉구,도봉제1동,1132010800,도봉동
841,1132052200,서울특별시,도봉구,도봉제2동,1132010800,도봉동
842,1132053100,서울특별시,도봉구,미아제1동,1132010100,미아동
843,1132053200,서울특별시,도봉구,미아제2동,1132010100,미아동
844,1132053300,서울특별시,도봉구,미아제3동,1132010100,미아동
845,1132054000,서울특별시,도봉구,미아제4동,1132010100,미아동
846,1132055000,서울특별시,도봉구,미아제5동,1132010100,미아동
847,1132056000,서울특별시,도봉구,미아제6동,1132010100,미아동
848,1132057000,서울특별시,도봉구,미아제7동,1132010100,미아동
849,1132058000,서울특별시,도봉구,미아제8동,1132010100,미아동
850,1132058100,서울특별시,도봉구,미아제9동,1132010100,미아동
851,1132059000,서울특별시,도봉구,번제1동,1132010200,번동
852,1132060000,서울특별시,도봉구,번제2동,1132010200,번동
853,1132060500,서울특별시,도봉구,번제2동분소,1132010200,번동
854,1132060600,서울특별시,도봉구,번제3동,1132010200,번동
855,1132061000,서울특별시,도봉구,수유제1동,1132010300,수유동
856,1132062000,서울특별시,도봉구,수유제2동,1132010300,수유동
857,1132063000,서울특별시,도봉구,수유제3동,1132010300,수유동
858,1132064000,서울특별시,도봉구,수유제4동,1132010300,수유동
859,1132064000,서울특별시,도봉구,수유제4동,1132010400,우이동
860,1132064000,서울특별시,도봉구,수유제4동,1132010500,쌍문동
861,1132065000,서울특별시,도봉구,수유제5동,1132010300,수유동
862,1132065100,서울특별시,도봉구,수유제6동,1132010300,수유동
863,1132066000,서울특별시,도봉구,쌍문제1동,1132010500,쌍문동
864,1132067000,서울특별시,도봉구,쌍문제2동,1132010500,쌍문동
865,1132068000,서울특별시,도봉구,쌍문제3동,1132010500,쌍문동
866,1132068100,서울특별시,도봉구,쌍문제4동,1132010500,쌍문동
867,1132069000,서울특별시,도봉구,방학제1동,1132010600,방학동
868,1132070000,서울특별시,도봉구,방학제2동,1132010600,방학동
869,1132071000,서울특별시,도봉구,방학제3동,1132010600,방학동
870,1132072000,서울특별시,도봉구,방학제4동,1132010600,방학동
871,1135000000,서울특별시,노원구,-,1135000000,노원구
872,1135000000,서울특별시,노원구,-,1135090100,도봉1동
873,1135000000,서울특별시,노원구,-,1135090200,도봉2동
874,1135000000,서울특별시,노원구,-,1135090300,창1동
875,1135000000,서울특별시,노원구,-,1135090400,창2동
876,1135000000,서울특별시,노원구,-,1135090500,창3동
877,1135000000,서울특별시,노원구,-,1135090600,월계1동
878,1135000000,서울특별시,노원구,-,1135090700,월계2동
879,1135000000,서울특별시,노원구,-,1135090800,월계3동
880,1135000000,서울특별시,노원구,-,1135090900,공릉1동
881,1135000000,서울특별시,노원구,-,1135091000,공릉2동
882,1135000000,서울특별시,노원구,-,1135091100,상계1동
883,1135000000,서울특별시,노원구,-,1135091200,상계2동
884,1135000000,서울특별시,노원구,-,1135091300,상계3동
885,1135000000,서울특별시,노원구,-,1135091400,상계4동
886,1135000000,서울특별시,노원구,-,1135091500,상계5동
887,1135000000,서울특별시,노원구,-,1135091600,상계6동
888,1135000000,서울특별시,노원구,-,1135091700,상계7동
889,1135051000,서울특별시,노원구,도봉제1동,1135010700,도봉동
890,1135052000,서울특별시,노원구,도봉제2동,1135010700,도봉동
891,1135053000,서울특별시,노원구,창제1동,1135010100,창동
892,1135054000,서울특별시,노원구,창제2동,1135010100,창동
893,1135055000,서울특별시,노원구,창제3동,1135010100,창동
894,1135056000,서울특별시,노원구,월계1동,1135010200,월계동
895,1135057000,서울특별시,노원구,월계2동,1135010200,월계동
896,1135057500,서울특별시,노원구,월계제2동분소,1135010200,월계동
897,1135058000,서울특별시,노원구,월계3동,1135010200,월계동
898,1135058100,서울특별시,노원구,월계4동,1135010200,월계동
899,1135059000,서울특별시,노원구,공릉제1동,1135010300,공릉동
900,1135059100,서울특별시,노원구,공릉제1동분소,1135010300,공릉동
901,1135059500,서울특별시,노원구,공릉1동,1135010300,공릉동
902,1135060000,서울특별시,노원구,공릉2동,1135010300,공릉동
903,1135060100,서울특별시,노원구,공릉제3동,1135010300,공릉동
904,1135060500,서울특별시,노원구,공릉1.3동,1135010300,공릉동
905,1135061000,서울특별시,노원구,하계동,1135010400,하계동
906,1135061100,서울특별시,노원구,하계1동,1135010400,하계동
907,1135061200,서울특별시,노원구,하계2동,1135010400,하계동
908,1135061900,서울특별시,노원구,중계본동,1135010600,중계동
909,1135062000,서울특별시,노원구,중계동,1135010600,중계동
910,1135062100,서울특별시,노원구,중계1동,1135010600,중계동
911,1135062200,서울특별시,노원구,중계2동,1135010600,중계동
912,1135062300,서울특별시,노원구,중계3동,1135010600,중계동
913,1135062400,서울특별시,노원구,중계4동,1135010500,상계동
914,1135062400,서울특별시,노원구,중계4동,1135010600,중계동
915,1135062500,서울특별시,노원구,중계2.3동,1135010600,중계동
916,1135063000,서울특별시,노원구,상계1동,1135010500,상계동
917,1135063500,서울특별시,노원구,상계제1동분소,1135000000,노원구
918,1135064000,서울특별시,노원구,상계2동,1135010500,상계동
919,1135065000,서울특별시,노원구,상계제3동,1135010500,상계동
920,1135066000,서울특별시,노원구,상계제4동,1135010500,상계동
921,1135066500,서울특별시,노원구,상계3.4동,1135010500,상계동
922,1135067000,서울특별시,노원구,상계5동,1135010500,상계동
923,1135068000,서울특별시,노원구,상계제6동,1135010500,상계동
924,1135069000,서울특별시,노원구,상계제7동,1135010500,상계동
925,1135069500,서울특별시,노원구,상계6.7동,1135010500,상계동
926,1135070000,서울특별시,노원구,상계8동,1135010500,상계동
927,1135071000,서울특별시,노원구,상계9동,1135010500,상계동
928,1135072000,서울특별시,노원구,상계10동,1135010500,상계동
929,1138000000,서울특별시,은평구,-,1138000000,은평구
930,1138000000,서울특별시,은평구,-,1138090100,불광1동
931,1138000000,서울특별시,은평구,-,1138090200,불광2동
932,1138000000,서울특별시,은평구,-,1138090300,불광3동
933,1138000000,서울특별시,은평구,-,1138090400,응암1동
934,1138000000,서울특별시,은평구,-,1138090500,응암2동
935,1138000000,서울특별시,은평구,-,1138090600,응암3동
936,1138000000,서울특별시,은평구,-,1138090700,역촌1동
937,1138000000,서울특별시,은평구,-,1138090800,역촌2동
938,1138000000,서울특별시,은평구,-,1138090900,응암4동
939,1138051000,서울특별시,은평구,녹번동,1138010200,녹번동
940,1138052000,서울특별시,은평구,불광제1동,1138010300,불광동
941,1138053000,서울특별시,은평구,불광제2동,1138010300,불광동
942,1138054000,서울특별시,은평구,불광제3동,1138010300,불광동
943,1138055000,서울특별시,은평구,갈현동,1138010400,갈현동
944,1138055100,서울특별시,은평구,갈현제1동,1138010400,갈현동
945,1138055200,서울특별시,은평구,갈현제2동,1138010400,갈현동
946,1138056000,서울특별시,은평구,구산동,1138010400,갈현동
947,1138056000,서울특별시,은평구,구산동,1138010500,구산동
948,1138057000,서울특별시,은평구,대조동,1138010600,대조동
949,1138058000,서울특별시,은평구,응암제1동,1138010700,응암동
950,1138059000,서울특별시,은평구,응암제2동,1138010700,응암동
951,1138060000,서울특별시,은평구,응암제3동,1138010700,응암동
952,1138061000,서울특별시,은평구,역촌제1동,1138010800,역촌동
953,1138062000,서울특별시,은평구,역촌제2동,1138010800,역촌동
954,1138062500,서울특별시,은평구,역촌동,1138010800,역촌동
955,1138063000,서울특별시,은평구,신사동,1138010900,신사동
956,1138063100,서울특별시,은평구,신사제1동,1138010900,신사동
957,1138063200,서울특별시,은평구,신사제2동,1138010900,신사동
958,1138064000,서울특별시,은평구,증산동,1138010900,신사동
959,1138064000,서울특별시,은평구,증산동,1138011000,증산동
960,1138065000,서울특별시,은평구,수색동,1138010100,수색동
961,1138066000,서울특별시,은평구,진관내동,1138011100,진관내동
962,1138066000,서울특별시,은평구,진관내동,1138011200,구파발동
963,1138067000,서울특별시,은평구,진관외동,1138011300,진관외동
964,1138068000,서울특별시,은평구,응암제4동,1138010700,응암동
965,1138069000,서울특별시,은평구,진관동,1138011400,진관동
966,1141000000,서울특별시,서대문구,-,1141000000,서대문구
967,1141000000,서울특별시,서대문구,-,1141000100,평창동
968,1141000000,서울특별시,서대문구,-,1141000200,구기동
969,1141000000,서울특별시,서대문구,-,1141000300,부암동
970,1141000000,서울특별시,서대문구,-,1141000400,홍지동
971,1141000000,서울특별시,서대문구,-,1141000500,신영동
972,1141000000,서울특별시,서대문구,-,1141000600,행촌동
973,1141000000,서울특별시,서대문구,-,1141000700,송월동
974,1141000000,서울특별시,서대문구,-,1141000800,홍파동
975,1141000000,서울특별시,서대문구,-,1141000900,평동
976,1141000000,서울특별시,서대문구,-,1141001000,교남동
977,1141000000,서울특별시,서대문구,-,1141001100,교북동
978,1141000000,서울특별시,서대문구,-,1141001200,서소문동
979,1141000000,서울특별시,서대문구,-,1141001300,정동
980,1141000000,서울특별시,서대문구,-,1141001400,순화동
981,1141000000,서울특별시,서대문구,-,1141001500,의주로2가
982,1141000000,서울특별시,서대문구,-,1141001600,중림동
983,1141000000,서울특별시,서대문구,-,1141001700,의주로1가
984,1141000000,서울특별시,서대문구,-,1141001800,충정로1가
985,1141000000,서울특별시,서대문구,-,1141001900,노고산동
986,1141000000,서울특별시,서대문구,-,1141002000,만리동1가
987,1141000000,서울특별시,서대문구,-,1141002100,만리동2가
988,1141000000,서울특별시,서대문구,-,1141002200,상암동
989,1141000000,서울특별시,서대문구,-,1141002300,성산동
990,1141000000,서울특별시,서대문구,-,1141002400,수색동
991,1141000000,서울특별시,서대문구,-,1141002500,중동
992,1141000000,서울특별시,서대문구,-,1141002600,녹번동
993,1141000000,서울특별시,서대문구,-,1141002700,불광동
994,1141000000,서울특별시,서대문구,-,1141002800,갈현동
995,1141000000,서울특별시,서대문구,-,1141002900,역촌동
996,1141000000,서울특별시,서대문구,-,1141003000,신사동
997,1141000000,서울특별시,서대문구,-,1141003100,구파발동
998,1141000000,서울특별시,서대문구,-,1141003200,구산동
999,1141000000,서울특별시,서대문구,-,1141003300,진관내동
1000,1141000000,서울특별시,서대문구,-,1141003400,진관외동
1001,1141000000,서울특별시,서대문구,-,1141003500,응암동
1002,1141000000,서울특별시,서대문구,-,1141003600,대조동
1003,1141000000,서울특별시,서대문구,-,1141003700,증산동
1004,1141000000,서울특별시,서대문구,-,1141090100,충정로동
1005,1141000000,서울특별시,서대문구,-,1141090200,북아현1동
1006,1141000000,서울특별시,서대문구,-,1141090300,북아현2동
1007,1141000000,서울특별시,서대문구,-,1141090400,북아현3동
1008,1141000000,서울특별시,서대문구,-,1141090500,연희1동
1009,1141000000,서울특별시,서대문구,-,1141090600,연희2동
1010,1141000000,서울특별시,서대문구,-,1141090700,연희3동
1011,1141000000,서울특별시,서대문구,-,1141090800,홍제1동
1012,1141000000,서울특별시,서대문구,-,1141090900,홍제2동
1013,1141000000,서울특별시,서대문구,-,1141091000,홍제3동
1014,1141000000,서울특별시,서대문구,-,1141091100,홍제4동
1015,1141000000,서울특별시,서대문구,-,1141091200,홍은1동
1016,1141000000,서울특별시,서대문구,-,1141091300,홍은2동
1017,1141000000,서울특별시,서대문구,-,1141091400,홍은3동
1018,1141000000,서울특별시,서대문구,-,1141091500,남가좌1동
1019,1141000000,서울특별시,서대문구,-,1141091600,남가좌2동
1020,1141000000,서울특별시,서대문구,-,1141091700,북가좌1동
1021,1141000000,서울특별시,서대문구,-,1141091800,북가좌1동
1022,1141051000,서울특별시,서대문구,충정로동,1141010100,충정로2가
1023,1141051000,서울특별시,서대문구,충정로동,1141010200,충정로3가
1024,1141051000,서울특별시,서대문구,충정로동,1141010300,합동
1025,1141051000,서울특별시,서대문구,충정로동,1141010400,미근동
1026,1141052000,서울특별시,서대문구,천연동,1141010500,냉천동
1027,1141052000,서울특별시,서대문구,천연동,1141010600,천연동
1028,1141052000,서울특별시,서대문구,천연동,1141010700,옥천동
1029,1141052000,서울특별시,서대문구,천연동,1141010800,영천동
1030,1141052000,서울특별시,서대문구,천연동,1141010900,현저동
1031,1141053000,서울특별시,서대문구,현저동,1141010900,현저동
1032,1141054000,서울특별시,서대문구,북아현제1동,1141011000,북아현동
1033,1141055000,서울특별시,서대문구,북아현제2동,1141011000,북아현동
1034,1141055500,서울특별시,서대문구,북아현동,1141011000,북아현동
1035,1141055500,서울특별시,서대문구,북아현동,1141011200,대현동
1036,1141056000,서울특별시,서대문구,북아현제3동,1141011000,북아현동
1037,1141056500,서울특별시,서대문구,충현동,1141010100,충정로2가
1038,1141056500,서울특별시,서대문구,충현동,1141010200,충정로3가
1039,1141056500,서울특별시,서대문구,충현동,1141010300,합동
1040,1141056500,서울특별시,서대문구,충현동,1141010400,미근동
1041,1141056500,서울특별시,서대문구,충현동,1141011000,북아현동
1042,1141057000,서울특별시,서대문구,대신동,1141011200,대현동
1043,1141057000,서울특별시,서대문구,대신동,1141011300,대신동
1044,1141057000,서울특별시,서대문구,대신동,1141011400,신촌동
1045,1141057000,서울특별시,서대문구,대신동,1141011500,봉원동
1046,1141058000,서울특별시,서대문구,창천동,1141011600,창천동
1047,1141058500,서울특별시,서대문구,신촌동,1141011200,대현동
1048,1141058500,서울특별시,서대문구,신촌동,1141011300,대신동
1049,1141058500,서울특별시,서대문구,신촌동,1141011400,신촌동
1050,1141058500,서울특별시,서대문구,신촌동,1141011500,봉원동
1051,1141058500,서울특별시,서대문구,신촌동,1141011600,창천동
1052,1141059000,서울특별시,서대문구,연희제1동,1141011700,연희동
1053,1141060000,서울특별시,서대문구,연희제2동,1141011700,연희동
1054,1141061000,서울특별시,서대문구,연희제3동,1141011700,연희동
1055,1141061500,서울특별시,서대문구,연희동,1141011700,연희동
1056,1141062000,서울특별시,서대문구,홍제제1동,1141011100,홍제동
1057,1141063000,서울특별시,서대문구,홍제제2동,1141011100,홍제동
1058,1141064000,서울특별시,서대문구,홍제제3동,1141011100,홍제동
1059,1141065000,서울특별시,서대문구,홍제제4동,1141011100,홍제동
1060,1141065500,서울특별시,서대문구,홍제제2동,1141011100,홍제동
1061,1141066000,서울특별시,서대문구,홍은제1동,1141011800,홍은동
1062,1141067000,서울특별시,서대문구,홍은제2동,1141011800,홍은동
1063,1141068000,서울특별시,서대문구,홍은제3동,1141011800,홍은동
1064,1141068500,서울특별시,서대문구,홍은제2동,1141011800,홍은동
1065,1141069000,서울특별시,서대문구,남가좌제1동,1141012000,남가좌동
1066,1141070000,서울특별시,서대문구,남가좌제2동,1141012000,남가좌동
1067,1141071000,서울특별시,서대문구,북가좌제1동,1141011900,북가좌동
1068,1141072000,서울특별시,서대문구,북가좌제2동,1141011900,북가좌동
1069,1144000000,서울특별시,마포구,-,1144000000,마포구
1070,1144000000,서울특별시,마포구,-,1144000100,연희동
1071,1144000000,서울특별시,마포구,-,1144000200,남가좌동
1072,1144000000,서울특별시,마포구,-,1144000300,수색동
1073,1144000000,서울특별시,마포구,-,1144000400,율도동
1074,1144000000,서울특별시,마포구,-,1144090100,아현1동
1075,1144000000,서울특별시,마포구,-,1144090200,아현2동
1076,1144000000,서울특별시,마포구,-,1144090300,아현3동
1077,1144000000,서울특별시,마포구,-,1144090400,공덕1동
1078,1144000000,서울특별시,마포구,-,1144090500,공덕2동
1079,1144000000,서울특별시,마포구,-,1144090600,도화1동
1080,1144000000,서울특별시,마포구,-,1144090700,도화2동
1081,1144000000,서울특별시,마포구,-,1144090800,망원1동
1082,1144000000,서울특별시,마포구,-,1144090900,망원2동
1083,1144000000,서울특별시,마포구,-,1144091000,성산1동
1084,1144000000,서울특별시,마포구,-,1144091100,성산2동
1085,1144051000,서울특별시,마포구,아현제1동,1144010100,아현동
1086,1144052000,서울특별시,마포구,아현제2동,1144010100,아현동
1087,1144053000,서울특별시,마포구,아현제3동,1144010100,아현동
1088,1144054000,서울특별시,마포구,공덕제1동,1144010200,공덕동
1089,1144055000,서울특별시,마포구,공덕제2동,1144010200,공덕동
1090,1144055000,서울특별시,마포구,공덕제2동,1144010900,염리동
1091,1144055500,서울특별시,마포구,아현동,1144010100,아현동
1092,1144055500,서울특별시,마포구,아현동,1144010200,공덕동
1093,1144055500,서울특별시,마포구,아현동,1144010900,염리동
1094,1144056000,서울특별시,마포구,신공덕동,1144010200,공덕동
1095,1144056000,서울특별시,마포구,신공덕동,1144010300,신공덕동
1096,1144056000,서울특별시,마포구,신공덕동,1144010400,도화동
1097,1144056500,서울특별시,마포구,공덕동,1144010100,아현동
1098,1144056500,서울특별시,마포구,공덕동,1144010200,공덕동
1099,1144056500,서울특별시,마포구,공덕동,1144010300,신공덕동
1100,1144056500,서울특별시,마포구,공덕동,1144010400,도화동
1101,1144057000,서울특별시,마포구,도화제1동,1144010400,도화동
1102,1144058000,서울특별시,마포구,도화제2동,1144010400,도화동
1103,1144058500,서울특별시,마포구,도화동,1144010400,도화동
1104,1144058500,서울특별시,마포구,도화동,1144010700,마포동
1105,1144059000,서울특별시,마포구,용강동,1144010400,도화동
1106,1144059000,서울특별시,마포구,용강동,1144010500,용강동
1107,1144059000,서울특별시,마포구,용강동,1144010600,토정동
1108,1144059000,서울특별시,마포구,용강동,1144010700,마포동
1109,1144059000,서울특별시,마포구,용강동,1144010800,대흥동
1110,1144059000,서울특별시,마포구,용강동,1144010900,염리동
1111,1144060000,서울특별시,마포구,대흥동,1144010800,대흥동
1112,1144060000,서울특별시,마포구,대흥동,1144011000,노고산동
1113,1144060000,서울특별시,마포구,대흥동,1144011100,신수동
1114,1144061000,서울특별시,마포구,염리동,1144010200,공덕동
1115,1144061000,서울특별시,마포구,염리동,1144010900,염리동
1116,1144062000,서울특별시,마포구,노고산동,1144010800,대흥동
1117,1144062000,서울특별시,마포구,노고산동,1144011000,노고산동
1118,1144062000,서울특별시,마포구,노고산동,1144011100,신수동
1119,1144063000,서울특별시,마포구,신수동,1144010800,대흥동
1120,1144063000,서울특별시,마포구,신수동,1144011100,신수동
1121,1144063000,서울특별시,마포구,신수동,1144011200,현석동
1122,1144063000,서울특별시,마포구,신수동,1144011300,구수동
1123,1144063000,서울특별시,마포구,신수동,1144011700,신정동
1124,1144064000,서울특별시,마포구,창전동,1144011400,창전동
1125,1144065000,서울특별시,마포구,상수동,1144011500,상수동
1126,1144065000,서울특별시,마포구,상수동,1144011600,하중동
1127,1144065000,서울특별시,마포구,상수동,1144011700,신정동
1128,1144065000,서울특별시,마포구,상수동,1144011800,당인동
1129,1144065000,서울특별시,마포구,상수동,1144011900,하수동
1130,1144065500,서울특별시,마포구,서강동,1144011400,창전동
1131,1144065500,서울특별시,마포구,서강동,1144011500,상수동
1132,1144065500,서울특별시,마포구,서강동,1144011600,하중동
1133,1144065500,서울특별시,마포구,서강동,1144011700,신정동
1134,1144065500,서울특별시,마포구,서강동,1144011800,당인동
1135,1144066000,서울특별시,마포구,서교동,1144011000,노고산동
1136,1144066000,서울특별시,마포구,서교동,1144012000,서교동
1137,1144066000,서울특별시,마포구,서교동,1144012100,동교동
1138,1144066000,서울특별시,마포구,서교동,1144012300,망원동
1139,1144067000,서울특별시,마포구,동교동,1144011000,노고산동
1140,1144067000,서울특별시,마포구,동교동,1144012000,서교동
1141,1144067000,서울특별시,마포구,동교동,1144012100,동교동
1142,1144068000,서울특별시,마포구,합정동,1144012200,합정동
1143,1144068000,서울특별시,마포구,합정동,1144012300,망원동
1144,1144069000,서울특별시,마포구,망원제1동,1144012300,망원동
1145,1144070000,서울특별시,마포구,망원제2동,1144012300,망원동
1146,1144071000,서울특별시,마포구,연남동,1144012400,연남동
1147,1144072000,서울특별시,마포구,성산제1동,1144012500,성산동
1148,1144073000,서울특별시,마포구,성산제2동,1144012500,성산동
1149,1144073000,서울특별시,마포구,성산제2동,1144012600,중동
1150,1144074000,서울특별시,마포구,상암동,1144012700,상암동
1151,1147000000,서울특별시,양천구,-,1147000000,양천구
1152,1147000000,서울특별시,양천구,-,1147090100,목1동
1153,1147000000,서울특별시,양천구,-,1147090200,목2동
1154,1147000000,서울특별시,양천구,-,1147090300,목3동
1155,1147000000,서울특별시,양천구,-,1147090400,목4동
1156,1147000000,서울특별시,양천구,-,1147090500,목5동
1157,1147000000,서울특별시,양천구,-,1147090600,신월1동
1158,1147000000,서울특별시,양천구,-,1147090700,신월2동
1159,1147000000,서울특별시,양천구,-,1147090800,신월3동
1160,1147000000,서울특별시,양천구,-,1147090900,신월4동
1161,1147000000,서울특별시,양천구,-,1147091000,신월5동
1162,1147000000,서울특별시,양천구,-,1147091100,신월6동
1163,1147000000,서울특별시,양천구,-,1147091200,신정1동
1164,1147000000,서울특별시,양천구,-,1147091300,신정2동
1165,1147000000,서울특별시,양천구,-,1147091400,신정3동
1166,1147000000,서울특별시,양천구,-,1147091500,신정4동
1167,1147000000,서울특별시,양천구,-,1147091600,신정5동
1168,1147000000,서울특별시,양천구,-,1147091700,신정6동
1169,1147051000,서울특별시,양천구,목1동,1147010200,목동
1170,1147052000,서울특별시,양천구,목2동,1147010200,목동
1171,1147053000,서울특별시,양천구,목3동,1147010200,목동
1172,1147054000,서울특별시,양천구,목4동,1147010200,목동
1173,1147055000,서울특별시,양천구,목5동,1147010200,목동
1174,1147055100,서울특별시,양천구,목제6동,1147010200,목동
1175,1147056000,서울특별시,양천구,신월1동,1147010300,신월동
1176,1147057000,서울특별시,양천구,신월2동,1147010300,신월동
1177,1147058000,서울특별시,양천구,신월3동,1147010300,신월동
1178,1147059000,서울특별시,양천구,신월4동,1147010300,신월동
1179,1147059500,서울특별시,양천구,신월제4동분소,1147000000,양천구
1180,1147060000,서울특별시,양천구,신월5동,1147010300,신월동
1181,1147061000,서울특별시,양천구,신월6동,1147010300,신월동
1182,1147061100,서울특별시,양천구,신월7동,1147010300,신월동
1183,1147062000,서울특별시,양천구,신정1동,1147010100,신정동
1184,1147063000,서울특별시,양천구,신정2동,1147010100,신정동
1185,1147064000,서울특별시,양천구,신정3동,1147010100,신정동
1186,1147065000,서울특별시,양천구,신정4동,1147010100,신정동
1187,1147066000,서울특별시,양천구,신정제5동,1147010100,신정동
1188,1147067000,서울특별시,양천구,신정6동,1147010100,신정동
1189,1147068000,서울특별시,양천구,신정7동,1147010100,신정동
1190,1150000000,서울특별시,강서구,-,1150000000,강서구
1191,1150000000,서울특별시,강서구,-,1150000100,신정동
1192,1150000000,서울특별시,강서구,-,1150000200,신월동
1193,1150000000,서울특별시,강서구,-,1150011400,목동
1194,1150000000,서울특별시,강서구,-,1150090100,등촌1동
1195,1150000000,서울특별시,강서구,-,1150090200,등촌2동
1196,1150000000,서울특별시,강서구,-,1150090300,화곡1동
1197,1150000000,서울특별시,강서구,-,1150090400,화곡2동
1198,1150000000,서울특별시,강서구,-,1150090500,화곡3동
1199,1150000000,서울특별시,강서구,-,1150090600,화곡4동
1200,1150000000,서울특별시,강서구,-,1150090700,화곡5동
1201,1150000000,서울특별시,강서구,-,1150090800,화곡본동
1202,1150000000,서울특별시,강서구,-,1150090900,발산동
1203,1150000000,서울특별시,강서구,-,1150091000,방화1동
1204,1150000000,서울특별시,강서구,-,1150091100,방화2동
1205,1150051000,서울특별시,강서구,염창동,1150010100,염창동
1206,1150051000,서울특별시,강서구,염창동,1150010400,가양동
1207,1150052000,서울특별시,강서구,등촌제1동,1150010200,등촌동
1208,1150052100,서울특별시,강서구,등촌1동민원분소,1150010200,등촌동
1209,1150053000,서울특별시,강서구,등촌제2동,1150010200,등촌동
1210,1150053500,서울특별시,강서구,등촌제3동,1150010200,등촌동
1211,1150054000,서울특별시,강서구,화곡제1동,1150010300,화곡동
1212,1150055000,서울특별시,강서구,화곡제2동,1150010300,화곡동
1213,1150056000,서울특별시,강서구,화곡제3동,1150010300,화곡동
1214,1150057000,서울특별시,강서구,화곡제4동,1150010300,화곡동
1215,1150058000,서울특별시,강서구,화곡제5동,1150010300,화곡동
1216,1150059000,서울특별시,강서구,화곡본동,1150010300,화곡동
1217,1150059100,서울특별시,강서구,화곡제6동,1150010300,화곡동
1218,1150059200,서울특별시,강서구,화곡제7동,1150010300,화곡동
1219,1150059300,서울특별시,강서구,화곡제8동,1150010300,화곡동
1220,1150060000,서울특별시,강서구,가양동,1150010400,가양동
1221,1150060000,서울특별시,강서구,가양동,1150010500,마곡동
1222,1150060100,서울특별시,강서구,가양동제1분소,1150010100,염창동
1223,1150060100,서울특별시,강서구,가양동제1분소,1150010400,가양동
1224,1150060200,서울특별시,강서구,가양동제2분소,1150010400,가양동
1225,1150060300,서울특별시,강서구,가양제1동,1150010400,가양동
1226,1150060300,서울특별시,강서구,가양제1동,1150010500,마곡동
1227,1150060400,서울특별시,강서구,가양제2동,1150010400,가양동
1228,1150060500,서울특별시,강서구,가양제3동,1150010100,염창동
1229,1150060500,서울특별시,강서구,가양제3동,1150010400,가양동
1230,1150061000,서울특별시,강서구,발산동,1150010600,내발산동
1231,1150061000,서울특별시,강서구,발산동,1150010700,외발산동
1232,1150061100,서울특별시,강서구,발산제1동,1150010500,마곡동
1233,1150061100,서울특별시,강서구,발산제1동,1150010600,내발산동
1234,1150061100,서울특별시,강서구,발산제1동,1150010700,외발산동
1235,1150061200,서울특별시,강서구,발산제2동,1150010600,내발산동
1236,1150061500,서울특별시,강서구,우장산동,1150010300,화곡동
1237,1150061500,서울특별시,강서구,우장산동,1150010600,내발산동
1238,1150062000,서울특별시,강서구,공항동,1150010500,마곡동
1239,1150062000,서울특별시,강서구,공항동,1150010800,공항동
1240,1150062000,서울특별시,강서구,공항동,1150010900,방화동
1241,1150062000,서울특별시,강서구,공항동,1150011100,과해동
1242,1150062000,서울특별시,강서구,공항동,1150011200,오곡동
1243,1150062000,서울특별시,강서구,공항동,1150011300,오쇠동
1244,1150063000,서울특별시,강서구,방화제1동,1150010500,마곡동
1245,1150063000,서울특별시,강서구,방화제1동,1150010800,공항동
1246,1150063000,서울특별시,강서구,방화제1동,1150010900,방화동
1247,1150063100,서울특별시,강서구,방화제1동분소,1150010900,방화동
1248,1150064000,서울특별시,강서구,방화제2동,1150010900,방화동
1249,1150064000,서울특별시,강서구,방화제2동,1150011000,개화동
1250,1150064100,서울특별시,강서구,방화제3동,1150010900,방화동
1251,1150065000,서울특별시,강서구,과해동,1150011100,과해동
1252,1150065000,서울특별시,강서구,과해동,1150011200,오곡동
1253,1150065000,서울특별시,강서구,과해동,1150011300,오쇠동
1254,1153000000,서울특별시,구로구,-,1153000000,구로구
1255,1153000000,서울특별시,구로구,-,1153090100,구로1동
1256,1153000000,서울특별시,구로구,-,1153090200,구로2동
1257,1153000000,서울특별시,구로구,-,1153090300,구로3동
1258,1153000000,서울특별시,구로구,-,1153090400,구로4동
1259,1153000000,서울특별시,구로구,-,1153090500,구로5동
1260,1153000000,서울특별시,구로구,-,1153090600,구로6동
1261,1153000000,서울특별시,구로구,-,1153090700,가리봉1동
1262,1153000000,서울특별시,구로구,-,1153090800,가리봉2동
1263,1153000000,서울특별시,구로구,-,1153090900,가리봉3동
1264,1153000000,서울특별시,구로구,-,1153091000,독산1동
1265,1153000000,서울특별시,구로구,-,1153091100,독산2동
1266,1153000000,서울특별시,구로구,-,1153091200,독산3동
1267,1153000000,서울특별시,구로구,-,1153091300,독산4동
1268,1153000000,서울특별시,구로구,-,1153091400,독산본동
1269,1153000000,서울특별시,구로구,-,1153091500,시흥본동
1270,1153000000,서울특별시,구로구,-,1153091600,시흥1동
1271,1153000000,서울특별시,구로구,-,1153091700,시흥2동
1272,1153000000,서울특별시,구로구,-,1153091800,시흥3동
1273,1153000000,서울특별시,구로구,-,1153091900,시흥4동
1274,1153000000,서울특별시,구로구,-,1153092000,시흥5동
1275,1153000000,서울특별시,구로구,-,1153092100,고척1동
1276,1153000000,서울특별시,구로구,-,1153092200,고척2동
1277,1153000000,서울특별시,구로구,-,1153092300,개봉1동
1278,1153000000,서울특별시,구로구,-,1153092400,개봉2동
1279,1153000000,서울특별시,구로구,-,1153092500,개봉3동
1280,1153000000,서울특별시,구로구,-,1153092600,오류1동
1281,1153000000,서울특별시,구로구,-,1153092700,오류2동
1282,1153000000,서울특별시,구로구,-,1153092800,수궁동
1283,1153051000,서울특별시,구로구,신도림동,1153010100,신도림동
1284,1153052000,서울특별시,구로구,구로제1동,1153010200,구로동
1285,1153052500,서울특별시,구로구,구로제1동분소,1153000000,구로구
1286,1153053000,서울특별시,구로구,구로제2동,1153010200,구로동
1287,1153054000,서울특별시,구로구,구로제3동,1153010200,구로동
1288,1153054500,서울특별시,구로구,구로제3동분소,1153000000,구로구
1289,1153054500,서울특별시,구로구,구로제3동분소,1153010200,구로동
1290,1153055000,서울특별시,구로구,구로제4동,1153010200,구로동
1291,1153056000,서울특별시,구로구,구로제5동,1153010200,구로동
1292,1153056500,서울특별시,구로구,구로본동,1153010200,구로동
1293,1153057000,서울특별시,구로구,구로제6동,1153010200,구로동
1294,1153058000,서울특별시,구로구,가리봉제1동,1153010300,가리봉동
1295,1153059000,서울특별시,구로구,가리봉제2동,1153010300,가리봉동
1296,1153059500,서울특별시,구로구,가리봉동,1153010300,가리봉동
1297,1153060000,서울특별시,구로구,가리봉제3동,1153010300,가리봉동
1298,1153061000,서울특별시,구로구,독산제1동,1153010400,독산동
1299,1153061500,서울특별시,구로구,독산제1동분소,1153010400,독산동
1300,1153062000,서울특별시,구로구,독산제2동,1153010400,독산동
1301,1153063000,서울특별시,구로구,독산제3동,1153010400,독산동
1302,1153064000,서울특별시,구로구,독산제4동,1153010400,독산동
1303,1153065000,서울특별시,구로구,독산본동,1153010400,독산동
1304,1153066000,서울특별시,구로구,시흥본동,1153010500,시흥동
1305,1153067000,서울특별시,구로구,시흥제1동,1153010500,시흥동
1306,1153068000,서울특별시,구로구,시흥제2동,1153010500,시흥동
1307,1153069000,서울특별시,구로구,시흥제3동,1153010500,시흥동
1308,1153070000,서울특별시,구로구,시흥제4동,1153010500,시흥동
1309,1153071000,서울특별시,구로구,시흥제5동,1153010500,시흥동
1310,1153072000,서울특별시,구로구,고척제1동,1153010600,고척동
1311,1153073000,서울특별시,구로구,고척제2동,1153010600,고척동
1312,1153074000,서울특별시,구로구,개봉제1동,1153010700,개봉동
1313,1153075000,서울특별시,구로구,개봉제2동,1153010700,개봉동
1314,1153076000,서울특별시,구로구,개봉제3동,1153010700,개봉동
1315,1153076500,서울특별시,구로구,개봉본동,1153010700,개봉동
1316,1153077000,서울특별시,구로구,오류제1동,1153010800,오류동
1317,1153077000,서울특별시,구로구,오류제1동,1153010900,궁동
1318,1153077000,서울특별시,구로구,오류제1동,1153011000,온수동
1319,1153078000,서울특별시,구로구,오류제2동,1153010800,오류동
1320,1153078000,서울특별시,구로구,오류제2동,1153011100,천왕동
1321,1153078000,서울특별시,구로구,오류제2동,1153011200,항동
1322,1153079000,서울특별시,구로구,수궁동,1153010900,궁동
1323,1153079000,서울특별시,구로구,수궁동,1153011000,온수동
1324,1153080000,서울특별시,구로구,항동,1153011200,항동
1325,1154500000,서울특별시,금천구,-,1154500000,금천구
1326,1154551000,서울특별시,금천구,가산동,1154510100,가산동
1327,1154551500,서울특별시,금천구,가산동민원분소,1154510100,가산동
1328,1154561000,서울특별시,금천구,독산제1동,1154510200,독산동
1329,1154561500,서울특별시,금천구,독산제1동분소,1154510200,독산동
1330,1154562000,서울특별시,금천구,독산제2동,1154510200,독산동
1331,1154563000,서울특별시,금천구,독산제3동,1154510200,독산동
1332,1154564000,서울특별시,금천구,독산제4동,1154510200,독산동
1333,1154565000,서울특별시,금천구,독산본동,1154510200,독산동
1334,1154566000,서울특별시,금천구,시흥본동,1154510300,시흥동
1335,1154567000,서울특별시,금천구,시흥제1동,1154510300,시흥동
1336,1154568000,서울특별시,금천구,시흥제2동,1154510300,시흥동
1337,1154569000,서울특별시,금천구,시흥제3동,1154510300,시흥동
1338,1154570000,서울특별시,금천구,시흥제4동,1154510300,시흥동
1339,1154571000,서울특별시,금천구,시흥제5동,1154510300,시흥동
1340,1156000000,서울특별시,영등포구,-,1156000000,영등포구
1341,1156000000,서울특별시,영등포구,-,1156000100,독산동
1342,1156000000,서울특별시,영등포구,-,1156000200,염창동
1343,1156000000,서울특별시,영등포구,-,1156000300,목동
1344,1156000000,서울특별시,영등포구,-,1156000400,등촌동
1345,1156000000,서울특별시,영등포구,-,1156000500,화곡동
1346,1156000000,서울특별시,영등포구,-,1156000600,신월동
1347,1156000000,서울특별시,영등포구,-,1156000700,마곡동
1348,1156000000,서울특별시,영등포구,-,1156000800,가양동
1349,1156000000,서울특별시,영등포구,-,1156000900,내발산동
1350,1156000000,서울특별시,영등포구,-,1156001000,외발산동
1351,1156000000,서울특별시,영등포구,-,1156001100,공항동
1352,1156000000,서울특별시,영등포구,-,1156001200,방화동
1353,1156000000,서울특별시,영등포구,-,1156001300,과해동
1354,1156000000,서울특별시,영등포구,-,1156001400,신정동
1355,1156000000,서울특별시,영등포구,-,1156001500,오곡동
1356,1156000000,서울특별시,영등포구,-,1156001600,오쇠동
1357,1156000000,서울특별시,영등포구,-,1156001700,구로동
1358,1156000000,서울특별시,영등포구,-,1156001800,가리봉동
1359,1156000000,서울특별시,영등포구,-,1156001900,시흥동
1360,1156000000,서울특별시,영등포구,-,1156002000,고척동
1361,1156000000,서울특별시,영등포구,-,1156002100,개봉동
1362,1156000000,서울특별시,영등포구,-,1156002200,오류동
1363,1156000000,서울특별시,영등포구,-,1156002300,궁동
1364,1156000000,서울특별시,영등포구,-,1156002400,온수동
1365,1156000000,서울특별시,영등포구,-,1156002500,천왕동
1366,1156000000,서울특별시,영등포구,-,1156002600,항동
1367,1156000000,서울특별시,영등포구,-,1156002700,신도림동
1368,1156000000,서울특별시,영등포구,-,1156002800,개화동
1369,1156000000,서울특별시,영등포구,-,1156002900,반포동
1370,1156000000,서울특별시,영등포구,-,1156003000,잠원동
1371,1156000000,서울특별시,영등포구,-,1156003100,서초동
1372,1156000000,서울특별시,영등포구,-,1156003200,양재동
1373,1156000000,서울특별시,영등포구,-,1156003300,우면동
1374,1156000000,서울특별시,영등포구,-,1156003400,원지동
1375,1156000000,서울특별시,영등포구,-,1156003500,노량진동
1376,1156000000,서울특별시,영등포구,-,1156003600,상도동
1377,1156000000,서울특별시,영등포구,-,1156003700,상도제1동
1378,1156000000,서울특별시,영등포구,-,1156003800,봉천동
1379,1156000000,서울특별시,영등포구,-,1156003900,본동
1380,1156000000,서울특별시,영등포구,-,1156004000,흑석동
1381,1156000000,서울특별시,영등포구,-,1156004100,동작동
1382,1156000000,서울특별시,영등포구,-,1156004200,사당동
1383,1156000000,서울특별시,영등포구,-,1156004300,방배동
1384,1156000000,서울특별시,영등포구,-,1156004400,신림동
1385,1156000000,서울특별시,영등포구,-,1156004500,대방동
1386,1156000000,서울특별시,영등포구,-,1156004600,신대방동
1387,1156000000,서울특별시,영등포구,-,1156004700,양평동
1388,1156000000,서울특별시,영등포구,-,1156090100,영등포1동
1389,1156000000,서울특별시,영등포구,-,1156090200,영등포2동
1390,1156000000,서울특별시,영등포구,-,1156090300,영등포3동
1391,1156000000,서울특별시,영등포구,-,1156090400,당산1동
1392,1156000000,서울특별시,영등포구,-,1156090500,당산2동
1393,1156000000,서울특별시,영등포구,-,1156090600,도림1동
1394,1156000000,서울특별시,영등포구,-,1156090700,도림2동
1395,1156000000,서울특별시,영등포구,-,1156090800,문래1동
1396,1156000000,서울특별시,영등포구,-,1156090900,문래2동
1397,1156000000,서울특별시,영등포구,-,1156091000,양평1동
1398,1156000000,서울특별시,영등포구,-,1156091100,양평2동
1399,1156000000,서울특별시,영등포구,-,1156091200,신길1동
1400,1156000000,서울특별시,영등포구,-,1156091300,신길2동
1401,1156000000,서울특별시,영등포구,-,1156091400,신길3동
1402,1156000000,서울특별시,영등포구,-,1156091500,신길4동
1403,1156000000,서울특별시,영등포구,-,1156091600,신길5동
1404,1156000000,서울특별시,영등포구,-,1156091700,신길6동
1405,1156000000,서울특별시,영등포구,-,1156091800,신길7동
1406,1156000000,서울특별시,영등포구,-,1156091900,대림1동
1407,1156000000,서울특별시,영등포구,-,1156092000,대림2동
1408,1156000000,서울특별시,영등포구,-,1156092100,대림3동
1409,1156051000,서울특별시,영등포구,영등포제1동,1156010100,영등포동
1410,1156051500,서울특별시,영등포구,영등포본동,1156010100,영등포동
1411,1156051500,서울특별시,영등포구,영등포본동,1156013200,신길동
1412,1156052000,서울특별시,영등포구,영등포제2동,1156010200,영등포동1가
1413,1156052000,서울특별시,영등포구,영등포제2동,1156010300,영등포동2가
1414,1156052000,서울특별시,영등포구,영등포제2동,1156010400,영등포동3가
1415,1156052000,서울특별시,영등포구,영등포제2동,1156010500,영등포동4가
1416,1156052000,서울특별시,영등포구,영등포제2동,1156010600,영등포동5가
1417,1156053000,서울특별시,영등포구,영등포제3동,1156010700,영등포동6가
1418,1156053000,서울특별시,영등포구,영등포제3동,1156010800,영등포동7가
1419,1156053000,서울특별시,영등포구,영등포제3동,1156010900,영등포동8가
1420,1156053500,서울특별시,영등포구,영등포동,1156010100,영등포동
1421,1156053500,서울특별시,영등포구,영등포동,1156010200,영등포동1가
1422,1156053500,서울특별시,영등포구,영등포동,1156010300,영등포동2가
1423,1156053500,서울특별시,영등포구,영등포동,1156010400,영등포동3가
1424,1156053500,서울특별시,영등포구,영등포동,1156010500,영등포동4가
1425,1156053500,서울특별시,영등포구,영등포동,1156010600,영등포동5가
1426,1156053500,서울특별시,영등포구,영등포동,1156010700,영등포동6가
1427,1156053500,서울특별시,영등포구,영등포동,1156010800,영등포동7가
1428,1156053500,서울특별시,영등포구,영등포동,1156010900,영등포동8가
1429,1156054000,서울특별시,영등포구,여의동,1156011000,여의도동
1430,1156055000,서울특별시,영등포구,당산제1동,1156011100,당산동1가
1431,1156055000,서울특별시,영등포구,당산제1동,1156011200,당산동2가
1432,1156055000,서울특별시,영등포구,당산제1동,1156011300,당산동3가
1433,1156056000,서울특별시,영등포구,당산제2동,1156011400,당산동4가
1434,1156056000,서울특별시,영등포구,당산제2동,1156011500,당산동5가
1435,1156056000,서울특별시,영등포구,당산제2동,1156011600,당산동6가
1436,1156056000,서울특별시,영등포구,당산제2동,1156011700,당산동
1437,1156057000,서울특별시,영등포구,도림제1동,1156011800,도림동
1438,1156058000,서울특별시,영등포구,도림제2동,1156011800,도림동
1439,1156058500,서울특별시,영등포구,도림동,1156011800,도림동
1440,1156059000,서울특별시,영등포구,문래제1동,1156011900,문래동1가
1441,1156059000,서울특별시,영등포구,문래제1동,1156012000,문래동2가
1442,1156059000,서울특별시,영등포구,문래제1동,1156012100,문래동3가
1443,1156060000,서울특별시,영등포구,문래제2동,1156012200,문래동4가
1444,1156060000,서울특별시,영등포구,문래제2동,1156012300,문래동5가
1445,1156060000,서울특별시,영등포구,문래제2동,1156012400,문래동6가
1446,1156060500,서울특별시,영등포구,문래동,1156011900,문래동1가
1447,1156060500,서울특별시,영등포구,문래동,1156012000,문래동2가
1448,1156060500,서울특별시,영등포구,문래동,1156012100,문래동3가
1449,1156060500,서울특별시,영등포구,문래동,1156012200,문래동4가
1450,1156060500,서울특별시,영등포구,문래동,1156012300,문래동5가
1451,1156060500,서울특별시,영등포구,문래동,1156012400,문래동6가
1452,1156061000,서울특별시,영등포구,양평제1동,1156012500,양평동1가
1453,1156061000,서울특별시,영등포구,양평제1동,1156012600,양평동2가
1454,1156061000,서울특별시,영등포구,양평제1동,1156012700,양평동3가
1455,1156062000,서울특별시,영등포구,양평제2동,1156012700,양평동3가
1456,1156062000,서울특별시,영등포구,양평제2동,1156012800,양평동4가
1457,1156062000,서울특별시,영등포구,양평제2동,1156012900,양평동5가
1458,1156062000,서울특별시,영등포구,양평제2동,1156013000,양평동6가
1459,1156062000,서울특별시,영등포구,양평제2동,1156013100,양화동
1460,1156062000,서울특별시,영등포구,양평제2동,1156013400,양평동
1461,1156063000,서울특별시,영등포구,신길제1동,1156013200,신길동
1462,1156064000,서울특별시,영등포구,신길제2동,1156013200,신길동
1463,1156065000,서울특별시,영등포구,신길제3동,1156013200,신길동
1464,1156066000,서울특별시,영등포구,신길제4동,1156013200,신길동
1465,1156067000,서울특별시,영등포구,신길제5동,1156013200,신길동
1466,1156067000,서울특별시,영등포구,신길제5동,1156013300,대림동
1467,1156068000,서울특별시,영등포구,신길제6동,1156013200,신길동
1468,1156069000,서울특별시,영등포구,신길제7동,1156013200,신길동
1469,1156070000,서울특별시,영등포구,대림제1동,1156013300,대림동
1470,1156071000,서울특별시,영등포구,대림제2동,1156013300,대림동
1471,1156072000,서울특별시,영등포구,대림제3동,1156013300,대림동
1472,1159000000,서울특별시,동작구,-,1159000000,동작구
1473,1159000000,서울특별시,동작구,-,1159090100,노량진1동
1474,1159000000,서울특별시,동작구,-,1159090200,노량진2동
1475,1159000000,서울특별시,동작구,-,1159090300,상도2동
1476,1159000000,서울특별시,동작구,-,1159090400,상도3동
1477,1159000000,서울특별시,동작구,-,1159090500,상도4동
1478,1159000000,서울특별시,동작구,-,1159090600,흑석1동
1479,1159000000,서울특별시,동작구,-,1159090700,흑석2동
1480,1159000000,서울특별시,동작구,-,1159090800,흑석3동
1481,1159000000,서울특별시,동작구,-,1159090900,사당1동
1482,1159000000,서울특별시,동작구,-,1159091000,사당2동
1483,1159000000,서울특별시,동작구,-,1159091100,사당3동
1484,1159000000,서울특별시,동작구,-,1159091200,사당4동
1485,1159000000,서울특별시,동작구,-,1159091300,신대방1동
1486,1159000000,서울특별시,동작구,-,1159091400,신대방2동
1487,1159051000,서울특별시,동작구,노량진제1동,1159010100,노량진동
1488,1159051000,서울특별시,동작구,노량진제1동,1159010400,본동
1489,1159052000,서울특별시,동작구,노량진제2동,1159010100,노량진동
1490,1159053000,서울특별시,동작구,상도제1동,1159010200,상도동
1491,1159053000,서울특별시,동작구,상도제1동,1159010300,상도1동
1492,1159054000,서울특별시,동작구,상도제2동,1159010200,상도동
1493,1159055000,서울특별시,동작구,상도제3동,1159010200,상도동
1494,1159056000,서울특별시,동작구,상도제4동,1159010200,상도동
1495,1159056100,서울특별시,동작구,상도제5동,1159010200,상도동
1496,1159056100,서울특별시,동작구,상도제5동,1159010300,상도1동
1497,1159057000,서울특별시,동작구,본동,1159010400,본동
1498,1159058000,서울특별시,동작구,흑석제1동,1159010500,흑석동
1499,1159059000,서울특별시,동작구,흑석제2동,1159010500,흑석동
1500,1159060000,서울특별시,동작구,흑석제3동,1159010500,흑석동
1501,1159060500,서울특별시,동작구,흑석동,1159010500,흑석동
1502,1159061000,서울특별시,동작구,동작동,1159010600,동작동
1503,1159061000,서울특별시,동작구,동작동,1159010700,사당동
1504,1159062000,서울특별시,동작구,사당제1동,1159010700,사당동
1505,1159063000,서울특별시,동작구,사당제2동,1159010600,동작동
1506,1159063000,서울특별시,동작구,사당제2동,1159010700,사당동
1507,1159064000,서울특별시,동작구,사당제3동,1159010700,사당동
1508,1159065000,서울특별시,동작구,사당제4동,1159010700,사당동
1509,1159065100,서울특별시,동작구,사당제5동,1159010700,사당동
1510,1159066000,서울특별시,동작구,대방동,1159010800,대방동
1511,1159067000,서울특별시,동작구,신대방제1동,1159010900,신대방동
1512,1159068000,서울특별시,동작구,신대방제2동,1159010900,신대방동
1513,1162000000,서울특별시,관악구,-,1162000000,관악구
1514,1162000000,서울특별시,관악구,-,1162000100,대방동
1515,1162000000,서울특별시,관악구,-,1162000200,신대방동
1516,1162000000,서울특별시,관악구,-,1162000300,노량진동
1517,1162000000,서울특별시,관악구,-,1162000400,상도동
1518,1162000000,서울특별시,관악구,-,1162000500,본동
1519,1162000000,서울특별시,관악구,-,1162000600,흑석동
1520,1162000000,서울특별시,관악구,-,1162000700,동작동
1521,1162000000,서울특별시,관악구,-,1162000800,사당동
1522,1162000000,서울특별시,관악구,-,1162000900,방배동
1523,1162000000,서울특별시,관악구,-,1162001000,상도제1동
1524,1162000000,서울특별시,관악구,-,1162090100,봉천본동
1525,1162000000,서울특별시,관악구,-,1162090200,봉천1동
1526,1162000000,서울특별시,관악구,-,1162090300,봉천2동
1527,1162000000,서울특별시,관악구,-,1162090400,봉천3동
1528,1162000000,서울특별시,관악구,-,1162090500,봉천4동
1529,1162000000,서울특별시,관악구,-,1162090600,봉천5동
1530,1162000000,서울특별시,관악구,-,1162090700,봉천6동
1531,1162000000,서울특별시,관악구,-,1162090800,봉천7동
1532,1162000000,서울특별시,관악구,-,1162090900,봉천8동
1533,1162000000,서울특별시,관악구,-,1162091000,봉천9동
1534,1162000000,서울특별시,관악구,-,1162091100,봉천10동
1535,1162000000,서울특별시,관악구,-,1162091200,봉천11동
1536,1162000000,서울특별시,관악구,-,1162091300,신림본동
1537,1162000000,서울특별시,관악구,-,1162091400,신림1동
1538,1162000000,서울특별시,관악구,-,1162091500,신림2동
1539,1162000000,서울특별시,관악구,-,1162091600,신림3동
1540,1162000000,서울특별시,관악구,-,1162091700,신림4동
1541,1162000000,서울특별시,관악구,-,1162091800,신림5동
1542,1162000000,서울특별시,관악구,-,1162091900,신림6동
1543,1162000000,서울특별시,관악구,-,1162092000,신림7동
1544,1162000000,서울특별시,관악구,-,1162092100,신림8동
1545,1162000000,서울특별시,관악구,-,1162092200,신림9동
1546,1162000000,서울특별시,관악구,-,1162092300,신림10동
1547,1162000000,서울특별시,관악구,-,1162092400,신림11동
1548,1162051000,서울특별시,관악구,봉천본동,1162010100,봉천동
1549,1162052000,서울특별시,관악구,봉천제1동,1162010100,봉천동
1550,1162052500,서울특별시,관악구,보라매동,1162010100,봉천동
1551,1162053000,서울특별시,관악구,봉천제2동,1162010100,봉천동
1552,1162054000,서울특별시,관악구,봉천제3동,1162010100,봉천동
1553,1162054500,서울특별시,관악구,청림동,1162010100,봉천동
1554,1162055000,서울특별시,관악구,봉천제4동,1162010100,봉천동
1555,1162056000,서울특별시,관악구,봉천제5동,1162010100,봉천동
1556,1162056500,서울특별시,관악구,성현동,1162010100,봉천동
1557,1162057000,서울특별시,관악구,봉천제6동,1162010100,봉천동
1558,1162057500,서울특별시,관악구,행운동,1162010100,봉천동
1559,1162058000,서울특별시,관악구,봉천제7동,1162010100,봉천동
1560,1162058500,서울특별시,관악구,낙성대동,1162010100,봉천동
1561,1162059000,서울특별시,관악구,봉천제8동,1162010100,봉천동
1562,1162059500,서울특별시,관악구,청룡동,1162010100,봉천동
1563,1162060000,서울특별시,관악구,봉천제9동,1162010100,봉천동
1564,1162060500,서울특별시,관악구,은천동,1162010100,봉천동
1565,1162061000,서울특별시,관악구,봉천제10동,1162010100,봉천동
1566,1162061500,서울특별시,관악구,중앙동,1162010100,봉천동
1567,1162062000,서울특별시,관악구,봉천제11동,1162010100,봉천동
1568,1162062500,서울특별시,관악구,인헌동,1162010100,봉천동
1569,1162063000,서울특별시,관악구,남현동,1162010300,남현동
1570,1162064000,서울특별시,관악구,신림본동,1162010100,봉천동
1571,1162064000,서울특별시,관악구,신림본동,1162010200,신림동
1572,1162064500,서울특별시,관악구,서원동,1162010200,신림동
1573,1162065000,서울특별시,관악구,신림제1동,1162010200,신림동
1574,1162065500,서울특별시,관악구,신원동,1162010200,신림동
1575,1162066000,서울특별시,관악구,신림제2동,1162010200,신림동
1576,1162066500,서울특별시,관악구,서림동,1162010200,신림동
1577,1162067000,서울특별시,관악구,신림제3동,1162010200,신림동
1578,1162068000,서울특별시,관악구,신림제4동,1162010200,신림동
1579,1162068500,서울특별시,관악구,신사동,1162010200,신림동
1580,1162069000,서울특별시,관악구,신림제5동,1162010200,신림동
1581,1162069500,서울특별시,관악구,신림동,1162010200,신림동
1582,1162070000,서울특별시,관악구,신림제6동,1162010200,신림동
1583,1162071000,서울특별시,관악구,신림제7동,1162010200,신림동
1584,1162071500,서울특별시,관악구,난향동,1162010200,신림동
1585,1162072000,서울특별시,관악구,신림제8동,1162010200,신림동
1586,1162072500,서울특별시,관악구,조원동,1162010200,신림동
1587,1162073000,서울특별시,관악구,신림제9동,1162010200,신림동
1588,1162073500,서울특별시,관악구,대학동,1162010200,신림동
1589,1162074000,서울특별시,관악구,신림제10동,1162010200,신림동
1590,1162074500,서울특별시,관악구,삼성동,1162010200,신림동
1591,1162075000,서울특별시,관악구,신림제11동,1162010200,신림동
1592,1162076000,서울특별시,관악구,신림제12동,1162010200,신림동
1593,1162076500,서울특별시,관악구,미성동,1162010200,신림동
1594,1162077000,서울특별시,관악구,신림제13동,1162010200,신림동
1595,1162077500,서울특별시,관악구,난곡동,1162010200,신림동
1596,1165000000,서울특별시,서초구,-,1165000000,서초구
1597,1165000000,서울특별시,서초구,-,1165011200,역삼동
1598,1165000000,서울특별시,서초구,-,1165090100,서초1동
1599,1165000000,서울특별시,서초구,-,1165090200,서초2동
1600,1165000000,서울특별시,서초구,-,1165090300,서초3동
1601,1165000000,서울특별시,서초구,-,1165090400,반포본동
1602,1165000000,서울특별시,서초구,-,1165090500,반포1동
1603,1165000000,서울특별시,서초구,-,1165090600,반포2동
1604,1165000000,서울특별시,서초구,-,1165090700,반포3동
1605,1165000000,서울특별시,서초구,-,1165090800,방배본동
1606,1165000000,서울특별시,서초구,-,1165090900,방배1동
1607,1165000000,서울특별시,서초구,-,1165091000,방배2동
1608,1165000000,서울특별시,서초구,-,1165091100,방배3동
1609,1165000000,서울특별시,서초구,-,1165091200,도곡1동
1610,1165000000,서울특별시,서초구,-,1165091300,도곡2동
1611,1165001100,서울특별시,서초구,도곡동,1165000100,개포동
1612,1165001100,서울특별시,서초구,도곡동,1165010200,양재동
1613,1165050100,서울특별시,서초구,도곡동,1165010500,도곡동
1614,1165051000,서울특별시,서초구,서초1동,1165010800,서초동
1615,1165052000,서울특별시,서초구,서초2동,1165010800,서초동
1616,1165053000,서울특별시,서초구,서초3동,1165010100,방배동
1617,1165053000,서울특별시,서초구,서초3동,1165010800,서초동
1618,1165053100,서울특별시,서초구,서초4동,1165010800,서초동
1619,1165054000,서울특별시,서초구,잠원동,1165010600,잠원동
1620,1165054000,서울특별시,서초구,잠원동,1165010700,반포동
1621,1165054000,서울특별시,서초구,잠원동,1165011300,신사동
1622,1165055000,서울특별시,서초구,반포본동,1165010700,반포동
1623,1165056000,서울특별시,서초구,반포1동,1165010700,반포동
1624,1165056000,서울특별시,서초구,반포1동,1165010800,서초동
1625,1165057000,서울특별시,서초구,반포2동,1165010700,반포동
1626,1165058000,서울특별시,서초구,반포3동,1165010600,잠원동
1627,1165058000,서울특별시,서초구,반포3동,1165010700,반포동
1628,1165058100,서울특별시,서초구,반포4동,1165010700,반포동
1629,1165058100,서울특별시,서초구,반포4동,1165010800,서초동
1630,1165059000,서울특별시,서초구,방배본동,1165010100,방배동
1631,1165060000,서울특별시,서초구,방배1동,1165010100,방배동
1632,1165061000,서울특별시,서초구,방배2동,1165010100,방배동
1633,1165062000,서울특별시,서초구,방배3동,1165010100,방배동
1634,1165062100,서울특별시,서초구,방배4동,1165010100,방배동
1635,1165063000,서울특별시,서초구,도곡제1동,1165010200,양재동
1636,1165063000,서울특별시,서초구,도곡제1동,1165010500,도곡동
1637,1165064000,서울특별시,서초구,도곡제2동,1165000100,개포동
1638,1165064000,서울특별시,서초구,도곡제2동,1165010200,양재동
1639,1165064000,서울특별시,서초구,도곡제2동,1165010500,도곡동
1640,1165065000,서울특별시,서초구,양재동,1165010200,양재동
1641,1165065000,서울특별시,서초구,양재동,1165010300,우면동
1642,1165065000,서울특별시,서초구,양재동,1165010400,원지동
1643,1165065000,서울특별시,서초구,양재동,1165010500,도곡동
1644,1165065100,서울특별시,서초구,양재1동,1165010200,양재동
1645,1165065100,서울특별시,서초구,양재1동,1165010300,우면동
1646,1165065200,서울특별시,서초구,양재2동,1165010200,양재동
1647,1165065200,서울특별시,서초구,양재2동,1165010400,원지동
1648,1165066000,서울특별시,서초구,내곡동,1165010900,내곡동
1649,1165066000,서울특별시,서초구,내곡동,1165011000,염곡동
1650,1165066000,서울특별시,서초구,내곡동,1165011100,신원동
1651,1168000000,서울특별시,강남구,-,1168000000,강남구
1652,1168000000,서울특별시,강남구,-,1168000100,잠원동
1653,1168000000,서울특별시,강남구,-,1168000200,양재동
1654,1168000000,서울특별시,강남구,-,1168000300,원지동
1655,1168000000,서울특별시,강남구,-,1168000400,우면동
1656,1168000000,서울특별시,강남구,-,1168000500,염곡동
1657,1168000000,서울특별시,강남구,-,1168000600,내곡동
1658,1168000000,서울특별시,강남구,-,1168000700,신원동
1659,1168000000,서울특별시,강남구,-,1168000800,방배동
1660,1168000000,서울특별시,강남구,-,1168000900,하일동
1661,1168000000,서울특별시,강남구,-,1168001000,상일동
1662,1168000000,서울특별시,강남구,-,1168001100,명일동
1663,1168000000,서울특별시,강남구,-,1168001200,고덕동
1664,1168000000,서울특별시,강남구,-,1168001300,암사동
1665,1168000000,서울특별시,강남구,-,1168001400,천호동
1666,1168000000,서울특별시,강남구,-,1168001500,성내동
1667,1168000000,서울특별시,강남구,-,1168001600,풍납동
1668,1168000000,서울특별시,강남구,-,1168001700,길동
1669,1168000000,서울특별시,강남구,-,1168001800,둔촌동
1670,1168000000,서울특별시,강남구,-,1168001900,거여동
1671,1168000000,서울특별시,강남구,-,1168002000,마천동
1672,1168000000,서울특별시,강남구,-,1168002100,방이동
1673,1168000000,서울특별시,강남구,-,1168002200,이동
1674,1168000000,서울특별시,강남구,-,1168002300,오금동
1675,1168000000,서울특별시,강남구,-,1168002400,송파동
1676,1168000000,서울특별시,강남구,-,1168002500,석촌동
1677,1168000000,서울특별시,강남구,-,1168002600,가락동
1678,1168000000,서울특별시,강남구,-,1168002700,문정동
1679,1168000000,서울특별시,강남구,-,1168002800,잠실동
1680,1168000000,서울특별시,강남구,-,1168002900,신천동
1681,1168000000,서울특별시,강남구,-,1168003000,삼전동
1682,1168000000,서울특별시,강남구,-,1168003100,송금동
1683,1168000000,서울특별시,강남구,-,1168003200,장지동
1684,1168000000,서울특별시,강남구,-,1168003300,학동
1685,1168000000,서울특별시,강남구,-,1168011600,반포동
1686,1168000000,서울특별시,강남구,-,1168011700,서초동
1687,1168000000,서울특별시,강남구,-,1168090100,압구정1동
1688,1168000000,서울특별시,강남구,-,1168090200,압구정2동
1689,1168000000,서울특별시,강남구,-,1168090300,청담1동
1690,1168000000,서울특별시,강남구,-,1168090400,청담2동
1691,1168000000,서울특별시,강남구,-,1168090500,삼성1동
1692,1168000000,서울특별시,강남구,-,1168090600,삼성2동
1693,1168000000,서울특별시,강남구,-,1168090700,대치1동
1694,1168000000,서울특별시,강남구,-,1168090800,대치2동
1695,1168000000,서울특별시,강남구,-,1168090900,대치3동
1696,1168000000,서울특별시,강남구,-,1168091000,대치4동
1697,1168000000,서울특별시,강남구,-,1168091100,역삼1동
1698,1168000000,서울특별시,강남구,-,1168091200,역삼2동
1699,1168000000,서울특별시,강남구,-,1168091300,도곡1동
1700,1168000000,서울특별시,강남구,-,1168091400,도곡2동
1701,1168000000,서울특별시,강남구,-,1168091500,개포1동
1702,1168000000,서울특별시,강남구,-,1168091600,개포2동
1703,1168000000,서울특별시,강남구,-,1168091700,개포3동
1704,1168000000,서울특별시,강남구,-,1168091800,개포4동
1705,1168001100,서울특별시,강남구,압구정동,1168010700,신사동
1706,1168050100,서울특별시,강남구,압구정동,1168011000,압구정동
1707,1168050200,서울특별시,강남구,청담동,1168010400,청담동
1708,1168050200,서울특별시,강남구,청담동,1168011000,압구정동
1709,1168051000,서울특별시,강남구,신사동,1168010700,신사동
1710,1168051000,서울특별시,강남구,신사동,1168011000,압구정동
1711,1168052000,서울특별시,강남구,논현동,1168010800,논현동
1712,1168052100,서울특별시,강남구,논현1동,1168010800,논현동
1713,1168053000,서울특별시,강남구,학동,1168010800,논현동
1714,1168053100,서울특별시,강남구,논현2동,1168010800,논현동
1715,1168054000,서울특별시,강남구,압구정제1동,1168010700,신사동
1716,1168054000,서울특별시,강남구,압구정제1동,1168011000,압구정동
1717,1168054500,서울특별시,강남구,압구정동,1168010700,신사동
1718,1168054500,서울특별시,강남구,압구정동,1168011000,압구정동
1719,1168055000,서울특별시,강남구,압구정제2동,1168010700,신사동
1720,1168055000,서울특별시,강남구,압구정제2동,1168011000,압구정동
1721,1168056000,서울특별시,강남구,청담제1동,1168010400,청담동
1722,1168056500,서울특별시,강남구,청담동,1168010400,청담동
1723,1168057000,서울특별시,강남구,청담제2동,1168010400,청담동
1724,1168058000,서울특별시,강남구,삼성1동,1168010500,삼성동
1725,1168059000,서울특별시,강남구,삼성2동,1168010500,삼성동
1726,1168060000,서울특별시,강남구,대치1동,1168010600,대치동
1727,1168060000,서울특별시,강남구,대치1동,1168011800,도곡동
1728,1168061000,서울특별시,강남구,대치2동,1168010600,대치동
1729,1168062000,서울특별시,강남구,대치제3동,1168010600,대치동
1730,1168063000,서울특별시,강남구,대치4동,1168010600,대치동
1731,1168064000,서울특별시,강남구,역삼1동,1168010100,역삼동
1732,1168065000,서울특별시,강남구,역삼2동,1168010100,역삼동
1733,1168065500,서울특별시,강남구,도곡1동,1168011800,도곡동
1734,1168065600,서울특별시,강남구,도곡2동,1168011800,도곡동
1735,1168066000,서울특별시,강남구,개포1동,1168010200,포이동
1736,1168066000,서울특별시,강남구,개포1동,1168010300,개포동
1737,1168067000,서울특별시,강남구,개포2동,1168010300,개포동
1738,1168067000,서울특별시,강남구,개포2동,1168011400,일원동
1739,1168068000,서울특별시,강남구,개포제3동,1168010300,개포동
1740,1168068000,서울특별시,강남구,개포제3동,1168011400,일원동
1741,1168069000,서울특별시,강남구,개포4동,1168010200,포이동
1742,1168069000,서울특별시,강남구,개포4동,1168010300,개포동
1743,1168070000,서울특별시,강남구,세곡동,1168011100,세곡동
1744,1168070000,서울특별시,강남구,세곡동,1168011200,자곡동
1745,1168070000,서울특별시,강남구,세곡동,1168011300,율현동
1746,1168071000,서울특별시,강남구,일원동,1168011400,일원동
1747,1168071000,서울특별시,강남구,일원동,1168011500,수서동
1748,1168071500,서울특별시,강남구,일원동분소,1168000000,강남구
1749,1168072000,서울특별시,강남구,일원본동,1168011400,일원동
1750,1168072000,서울특별시,강남구,일원본동,1168011500,수서동
1751,1168073000,서울특별시,강남구,일원1동,1168011400,일원동
1752,1168073000,서울특별시,강남구,일원1동,1168011500,수서동
1753,1168074000,서울특별시,강남구,일원2동,1168010300,개포동
1754,1168074000,서울특별시,강남구,일원2동,1168010600,대치동
1755,1168074000,서울특별시,강남구,일원2동,1168011400,일원동
1756,1168075000,서울특별시,강남구,수서동,1168011500,수서동
1757,1171000000,서울특별시,송파구,-,1171000000,송파구
1758,1171050100,서울특별시,송파구,송파동,1171010400,송파동
1759,1171051000,서울특별시,송파구,풍납1동,1171010300,풍납동
1760,1171052000,서울특별시,송파구,풍납2동,1171010300,풍납동
1761,1171053000,서울특별시,송파구,거여동,1171011300,거여동
1762,1171053100,서울특별시,송파구,거여1동,1171011300,거여동
1763,1171053200,서울특별시,송파구,거여2동,1171011300,거여동
1764,1171054000,서울특별시,송파구,마천1동,1171011400,마천동
1765,1171055000,서울특별시,송파구,마천2동,1171011400,마천동
1766,1171056000,서울특별시,송파구,방이동,1171011100,방이동
1767,1171056100,서울특별시,송파구,방이1동,1171011100,방이동
1768,1171056200,서울특별시,송파구,방이2동,1171011100,방이동
1769,1171056500,서울특별시,송파구,방이동분소,1171000000,송파구
1770,1171056600,서울특별시,송파구,오륜동,1171011100,방이동
1771,1171057000,서울특별시,송파구,오금동,1171011200,오금동
1772,1171058000,서울특별시,송파구,송파1동,1171010400,송파동
1773,1171059000,서울특별시,송파구,송파2동,1171010400,송파동
1774,1171060000,서울특별시,송파구,석촌동,1171010500,석촌동
1775,1171060000,서울특별시,송파구,석촌동,1171010600,삼전동
1776,1171061000,서울특별시,송파구,삼전동,1171010600,삼전동
1777,1171062000,서울특별시,송파구,가락본동,1171010700,가락동
1778,1171063000,서울특별시,송파구,가락동,1171010700,가락동
1779,1171063100,서울특별시,송파구,가락1동,1171010700,가락동
1780,1171063200,서울특별시,송파구,가락2동,1171010700,가락동
1781,1171063500,서울특별시,송파구,가락본동분소,1171000000,송파구
1782,1171064000,서울특별시,송파구,문정동,1171010700,가락동
1783,1171064000,서울특별시,송파구,문정동,1171010800,문정동
1784,1171064000,서울특별시,송파구,문정동,1171010900,장지동
1785,1171064000,서울특별시,송파구,문정동,1171011000,이동
1786,1171064000,서울특별시,송파구,문정동,1171011200,오금동
1787,1171064000,서울특별시,송파구,문정동,1171011300,거여동
1788,1171064100,서울특별시,송파구,문정1동,1171010800,문정동
1789,1171064100,서울특별시,송파구,문정1동,1171010900,장지동
1790,1171064200,서울특별시,송파구,문정2동,1171010800,문정동
1791,1171064200,서울특별시,송파구,문정2동,1171010900,장지동
1792,1171064300,서울특별시,송파구,문정제1동분소,1171010800,문정동
1793,1171064300,서울특별시,송파구,문정제1동분소,1171010900,장지동
1794,1171064600,서울특별시,송파구,장지동,1171010800,문정동
1795,1171064600,서울특별시,송파구,장지동,1171010900,장지동
1796,1171064700,서울특별시,송파구,위례동,1171010800,문정동
1797,1171064700,서울특별시,송파구,위례동,1171010900,장지동
1798,1171064700,서울특별시,송파구,위례동,1171011300,거여동
1799,1171065000,서울특별시,송파구,잠실본동,1171010100,잠실동
1800,1171065500,서울특별시,송파구,잠실본동분소,1171000000,송파구
1801,1171066000,서울특별시,송파구,잠실제1동,1171010100,잠실동
1802,1171067000,서울특별시,송파구,잠실2동,1171010100,잠실동
1803,1171068000,서울특별시,송파구,잠실3동,1171010100,잠실동
1804,1171069000,서울특별시,송파구,잠실4동,1171010200,신천동
1805,1171070000,서울특별시,송파구,잠실제5동,1171010100,잠실동
1806,1171071000,서울특별시,송파구,잠실6동,1171010200,신천동
1807,1171072000,서울특별시,송파구,잠실7동,1171010100,잠실동
1808,1174000000,서울특별시,강동구,-,1174000000,강동구
1809,1174050100,서울특별시,강동구,명일동,1174010100,명일동
1810,1174050200,서울특별시,강동구,고덕동,1174010200,고덕동
1811,1174051000,서울특별시,강동구,하일동,1174010300,상일동
1812,1174051000,서울특별시,강동구,하일동,1174010400,하일동
1813,1174051500,서울특별시,강동구,강일동,1174010300,상일동
1814,1174051500,서울특별시,강동구,강일동,1174010400,하일동
1815,1174051500,서울특별시,강동구,강일동,1174011000,강일동
1816,1174052000,서울특별시,강동구,상일동,1174010300,상일동
1817,1174052500,서울특별시,강동구,상일제1동,1174010300,상일동
1818,1174052600,서울특별시,강동구,상일제2동,1174010300,상일동
1819,1174053000,서울특별시,강동구,명일제1동,1174010100,명일동
1820,1174054000,서울특별시,강동구,명일제2동,1174010100,명일동
1821,1174055000,서울특별시,강동구,고덕제1동,1174010200,고덕동
1822,1174056000,서울특별시,강동구,고덕제2동,1174010200,고덕동
1823,1174057000,서울특별시,강동구,암사제1동,1174010700,암사동
1824,1174058000,서울특별시,강동구,암사제2동,1174010700,암사동
1825,1174059000,서울특별시,강동구,암사제3동,1174010700,암사동
1826,1174059100,서울특별시,강동구,암사제4동,1174010700,암사동
1827,1174060000,서울특별시,강동구,천호제1동,1174010900,천호동
1828,1174061000,서울특별시,강동구,천호제2동,1174000300,풍납동
1829,1174061000,서울특별시,강동구,천호제2동,1174010900,천호동
1830,1174062000,서울특별시,강동구,천호제3동,1174010900,천호동
1831,1174063000,서울특별시,강동구,천호제4동,1174010900,천호동
1832,1174064000,서울특별시,강동구,성내제1동,1174010800,성내동
1833,1174065000,서울특별시,강동구,성내제2동,1174010800,성내동
1834,1174066000,서울특별시,강동구,성내제3동,1174010800,성내동
1835,1174067000,서울특별시,강동구,길제1동,1174010500,길동
1836,1174067000,서울특별시,강동구,길제1동,1174010800,성내동
1837,1174068000,서울특별시,강동구,길제2동,1174010500,길동
1838,1174068500,서울특별시,강동구,길동,1174010500,길동
1839,1174069000,서울특별시,강동구,둔촌제1동,1174010600,둔촌동
1840,1174070000,서울특별시,강동구,둔촌제2동,1174010500,길동
1841,1174070000,서울특별시,강동구,둔촌제2동,1174010600,둔촌동
